"","sample_id","code","sample_date","year","k","no3_n","mg","ca","nh4_n"
"1","MPR",1526,1989-05-16,1989,0.77,69,1.92,6.15,NA
"2","MPR",1539,1989-05-23,1989,0.72,69,2.41,7.17,NA
"3","MPR",1570,1989-05-30,1989,0.7,79,1.6,5.19,NA
"4","MPR",1582,1989-06-06,1989,0.59,85,1.69,6.6,NA
"5","MPR",1599,1989-06-13,1989,0.65,70,2.06,6.66,NA
"6","MPR",1657,1989-06-20,1989,0.66,71,1.98,7.64,NA
"7","MPR",1687,1989-06-27,1989,0.7,NA,3.31,7.83,NA
"8","MPR",1697,1989-07-05,1989,0.62,10,0.82,3.17,NA
"9","MPR",1986,1989-07-11,1989,0.76,24,1.85,7.94,NA
"10","MPR",2063,1989-07-26,1989,0.69,10,1.5,6.95,NA
"11","MPR",2113,1989-08-01,1989,0.73,90,1.66,7.08,NA
"12","MPR",2132,1989-08-08,1989,0.7,183,1.85,7.4,NA
"13","MPR",2143,1989-08-15,1989,0.74,41,1.87,7.43,NA
"14","MPR",2152,1989-08-22,1989,0.61,114,1.17,5,NA
"15","MPR",2165,1989-08-29,1989,0.56,29,NA,4.3,NA
"16","MPR",2209,1989-09-12,1989,0.6,49,1.42,5.61,NA
"17","MPR",2232,1989-10-03,1989,1.01,80,2.84,4.16,NA
"18","MPR",2247,1989-10-10,1989,1.01,71,2.19,7.94,NA
"19","MPR",2268,1989-10-24,1989,1.17,247,2.23,8.19,NA
"20","MPR",2316,1989-11-07,1989,1.6,614,1.79,6.9,NA
"21","MPR",2333,1989-11-14,1989,1.26,357,1.92,7.34,NA
"22","MPR",2360,1989-11-21,1989,NA,212,NA,NA,NA
"23","MPR",2373,1989-11-28,1989,0.91,170,2.45,10.08,NA
"24","MPR",2384,1989-12-05,1989,0.84,10,2.58,10.72,NA
"25","MPR",2395,1989-12-12,1989,0.44,6,3.62,4.12,NA
"26","MPR",2423,1989-12-19,1989,0.31,NA,NA,NA,NA
"27","MPR",2434,1989-12-26,1989,0.81,179,2.69,11.82,NA
"28","MPR",2445,1990-01-02,1990,1.74,NA,1.8,6.25,NA
"29","MPR",2456,1990-01-09,1990,1.01,113,2.52,10.82,NA
"30","MPR",2482,1990-01-16,1990,1,99,2.35,10.72,NA
"31","MPR",2496,1990-01-23,1990,1.04,24,2.14,8.7,NA
"32","MPR",2508,1990-01-30,1990,0.98,335,2.11,9.27,NA
"33","MPR",2539,1990-02-06,1990,1.04,215,2.33,10.95,NA
"34","MPR",2550,1990-02-13,1990,1.18,308,2.35,9.39,NA
"35","MPR",2564,1990-02-20,1990,1.18,32,2.2,9.05,NA
"36","MPR",2602,1990-02-27,1990,1.02,250,2.18,NA,NA
"37","MPR",2612,1990-03-06,1990,1.06,160,2.44,9.99,NA
"38","MPR",2627,1990-03-13,1990,1.17,333,1,3.84,NA
"39","MPR",2660,1990-03-20,1990,0.95,226,2.21,8.49,NA
"40","MPR",2671,1990-03-27,1990,1.19,336,1.62,5.46,NA
"41","MPR",2737,1990-04-03,1990,0.93,123,2.15,8.32,NA
"42","MPR",2939,1990-04-10,1990,1,124,2.42,10.45,NA
"43","MPR",2993,1990-04-17,1990,0.99,130,2.16,9.07,NA
"44","MPR",3003,1990-04-24,1990,0.99,10,2.41,10.48,NA
"45","MPR",3034,1990-05-01,1990,1.01,183,2.14,8.95,NA
"46","MPR",3213,1990-05-08,1990,1.01,17,2.44,10.49,NA
"47","MPR",3230,1990-05-15,1990,0.95,250,1.7,8.31,NA
"48","MPR",3239,1990-05-22,1990,1,117,2.33,10.22,NA
"49","MPR",3346,1990-05-29,1990,1.07,217,2.12,9.24,NA
"50","MPR",3453,1990-06-05,1990,1.01,212,2.03,8.75,NA
"51","MPR",3467,1990-06-12,1990,1,213,2.11,9.06,NA
"52","MPR",3478,1990-06-19,1990,0.94,184,2.12,8.42,NA
"53","MPR",3489,1990-06-26,1990,0.87,237,1.58,6.25,NA
"54","MPR",3500,1990-07-03,1990,0.95,129,2.42,10.04,NA
"55","MPR",3511,1990-07-10,1990,0.91,153,2.35,9.93,NA
"56","MPR",3525,1990-07-17,1990,0.86,10,2.16,9.08,NA
"57","MPR",3536,1990-07-24,1990,0.98,328,1.13,4.31,NA
"58","MPR",3547,1990-07-31,1990,0.85,115,2.42,10.87,NA
"59","MPR",3558,1990-08-07,1990,0.89,101,2.76,11.45,NA
"60","MPR",3666,1990-08-14,1990,0.83,339,1.15,6.78,NA
"61","MPR",3677,1990-08-21,1990,0.85,127,2.35,10.15,NA
"62","MPR",3688,1990-08-28,1990,0.85,85,2.17,10.11,NA
"63","MPR",3699,1990-09-04,1990,0.85,112,2.12,9.01,NA
"64","MPR",3710,1990-09-11,1990,0.86,67,2.23,10.02,NA
"65","MPR",3721,1990-09-18,1990,0.83,129,1.78,8.39,NA
"66","MPR",3992,1990-09-25,1990,0.86,112,2.3,9.94,NA
"67","MPR",4012,1990-10-02,1990,0.76,88,2.09,8.94,NA
"68","MPR",4084,1990-10-09,1990,0.87,119,1.95,8.3,NA
"69","MPR",4095,1990-10-16,1990,0.78,138,2.17,8.05,NA
"70","MPR",4171,1990-10-23,1990,0.78,170,1.95,8,NA
"71","MPR",4311,1990-10-30,1990,0.71,133,1.36,4.39,NA
"72","MPR",4322,1990-11-06,1990,0.76,7,1.81,6.96,NA
"73","MPR",4333,1990-11-13,1990,0.77,NA,2.36,8.43,NA
"74","MPR",4368,1990-11-20,1990,0.78,171,2.33,9.45,NA
"75","MPR",4394,1990-11-27,1990,0.72,183,1.87,8.49,NA
"76","MPR",4405,1990-12-04,1990,0.7,216,0.36,0.21,NA
"77","MPR",4419,1990-12-11,1990,0.62,89,2.26,9.73,NA
"78","MPR",4489,1990-12-18,1990,0.56,165,2.14,9.49,NA
"79","MPR",4566,1990-12-25,1990,0.75,110,3.36,10.45,NA
"80","MPR",4578,1990-12-31,1990,0.88,158,1.18,4.72,NA
"81","MPR",4590,1991-01-08,1991,0.77,127,1.96,9.05,NA
"82","MPR",4772,1991-01-15,1991,0.59,NA,2.09,8.5,NA
"83","MPR",4760,1991-01-22,1991,0.35,123,3.34,5.02,NA
"84","MPR",4787,1991-01-29,1991,0.66,106,2.34,5.24,NA
"85","MPR",4798,1991-02-05,1991,0.66,234,1.58,6.49,NA
"86","MPR",4810,1991-02-12,1991,0.74,63,2.31,9.52,NA
"87","MPR",4822,1991-02-19,1991,0.62,219,1.36,5.63,NA
"88","MPR",4834,1991-02-26,1991,0.65,32,2.05,7.68,NA
"89","MPR",4846,1991-03-05,1991,0.6,NA,2.09,8.65,NA
"90","MPR",4858,1991-03-12,1991,2.7,114,2.18,9.9,NA
"91","MPR",4870,1991-03-19,1991,0.76,164,1.62,6.9,NA
"92","MPR",4882,1991-03-26,1991,0.63,133,2.14,NA,NA
"93","MPR",4944,1991-04-02,1991,0.67,14,2.23,4.58,NA
"94","MPR",5051,1991-04-15,1991,0.75,29,1.13,4.31,NA
"95","MPR",5124,1991-04-23,1991,0.85,70,1.33,4,NA
"96","MPR",5204,1991-04-30,1991,0.83,55,1.13,4.31,NA
"97","MPR",5436,1991-05-07,1991,0.66,32,0.84,5.02,NA
"98","MPR",5551,1991-05-14,1991,0.73,75,0.84,5.09,NA
"99","MPR",6075,1991-05-21,1991,0.73,45,NA,NA,NA
"100","MPR",6118,1991-05-28,1991,NA,10,0.36,NA,NA
"101","MPR",6160,1991-06-04,1991,0.84,86,0.87,5.08,NA
"102","MPR",6273,1991-06-11,1991,NA,68,0.45,NA,NA
"103","MPR",6309,1991-06-18,1991,NA,54,NA,NA,NA
"104","MPR",6396,1991-06-25,1991,0.79,6,0.87,5.14,NA
"105","MPR",6409,1991-07-02,1991,0.75,138,0.8,5.31,NA
"106","MPR",6422,1991-07-09,1991,0.79,135,0.91,5.06,NA
"107","MPR",6470,1991-07-16,1991,1.02,25,2.23,4.58,NA
"108","MPR",6483,1991-07-23,1991,0.67,10,2.23,4.58,NA
"109","MPR",6496,1991-07-30,1991,0.64,10,2.44,4.26,NA
"110","MPR",6656,1991-08-06,1991,0.75,79,3,10.24,NA
"111","MPR",6770,1991-08-13,1991,0.78,NA,3.27,10.91,NA
"112","MPR",6783,1991-08-20,1991,0.71,NA,2.9,11.19,NA
"113","MPR",6914,1991-08-27,1991,1.08,109,2.97,8.74,NA
"114","MPR",7125,1991-09-03,1991,0.89,15,2.19,7.95,NA
"115","MPR",7138,1991-09-10,1991,1.09,56,2.74,11.21,NA
"116","MPR",7151,1991-09-17,1991,0.79,86,2.39,8.31,NA
"117","MPR",7190,1991-09-24,1991,0.67,94,2.91,11.02,NA
"118","MPR",7203,1991-10-01,1991,0.77,122,1.9,6.18,NA
"119","MPR",7216,1991-10-08,1991,0.79,81,2.22,8.04,NA
"120","MPR",7229,1991-10-15,1991,0.76,285,2.07,7.26,NA
"121","MPR",7242,1991-10-22,1991,0.76,104,2.3,7.33,NA
"122","MPR",7255,1991-10-29,1991,NA,107,NA,NA,NA
"123","MPR",7268,1991-11-05,1991,0.26,100,0.55,1.53,NA
"124","MPR",7281,1991-11-12,1991,0.83,196,2.22,7.1,NA
"125","MPR",7300,1991-11-18,1991,0.92,27,2.62,8.78,NA
"126","MPR",7313,1991-11-26,1991,0.83,114,2.23,6.72,NA
"127","MPR",7430,1991-12-03,1991,0.67,10,1.77,6.48,NA
"128","MPR",7443,1991-12-10,1991,0.74,127,2.04,7.07,NA
"129","MPR",7456,1991-12-17,1991,0.23,128,0.46,0.35,NA
"130","MPR",7469,1991-12-23,1991,0.68,143,2.22,9.57,NA
"131","MPR",7482,1991-12-30,1991,0.71,99,2.3,10.13,NA
"132","MPR",7495,1992-01-07,1992,1.03,196,1.54,6.67,NA
"133","MPR",7508,1992-01-14,1992,0.71,149,1.85,8.11,NA
"134","MPR",8639,1992-01-21,1992,0.79,109,2.26,9.51,NA
"135","MPR",9031,1992-01-28,1992,0.77,94,2.16,9.06,NA
"136","MPR",9116,1992-02-04,1992,0.88,179,2.04,9.2,NA
"137","MPR",9129,1992-02-11,1992,0.9,56,2.52,10.78,NA
"138","MPR",9203,1992-02-18,1992,0.95,35,2.76,11.37,NA
"139","MPR",9216,1992-02-25,1992,0.9,205,2.02,15.31,NA
"140","MPR",9229,1992-03-03,1992,0.82,201,1.96,15.81,NA
"141","MPR",9474,1992-03-10,1992,1.67,109,2.33,11.05,NA
"142","MPR",9487,1992-03-17,1992,0.92,112,2.23,8.29,NA
"143","MPR",9500,1992-03-24,1992,0.93,NA,1.59,2.61,NA
"144","MPR",9513,1992-04-01,1992,1.1,52,1.75,8.54,NA
"145","MPR",9526,1992-04-07,1992,1.06,105,3.47,4.88,NA
"146","MPR",9539,1992-04-14,1992,0.23,48,7.21,NA,NA
"147","MPR",9552,1992-04-21,1992,0.64,27,2.2,8.43,NA
"148","MPR",9796,1992-04-28,1992,1.11,54,2.54,9.9,NA
"149","MPR",9911,1992-05-05,1992,0.73,100,1.73,8.18,NA
"150","MPR",10450,1992-05-12,1992,0.86,28,1.97,8.19,NA
"151","MPR",10705,1992-05-19,1992,0.93,97,2.21,9.37,NA
"152","MPR",10763,1992-05-26,1992,0.94,NA,1.42,5.82,NA
"153","MPR",10776,1992-06-02,1992,0.59,80,0.91,3.47,NA
"154","MPR",10888,1992-06-09,1992,0.89,14,2.15,8.57,NA
"155","MPR",10901,1992-06-16,1992,0.77,35,1.23,4.49,NA
"156","MPR",11122,1992-06-23,1992,0.71,29,1.61,5.92,NA
"157","MPR",11284,1992-06-30,1992,0.86,29,2.63,10.24,NA
"158","MPR",11297,1992-07-07,1992,0.94,29,2.62,10.17,NA
"159","MPR",11310,1992-07-14,1992,0.84,43,2.57,10,NA
"160","MPR",11323,1992-07-21,1992,0.74,43,1.94,7.21,NA
"161","MPR",11384,1992-07-28,1992,0.83,41,1.99,8.38,NA
"162","MPR",11397,1992-08-04,1992,0.8,12,2.17,8.43,NA
"163","MPR",11410,1992-08-11,1992,0.56,47,1,4.01,NA
"164","MPR",11423,1992-08-18,1992,0.69,70,2.27,8.96,NA
"165","MPR",11436,1992-08-25,1992,0.88,79,2.23,9.1,NA
"166","MPR",11449,1992-09-01,1992,1.12,68,3.14,11.62,NA
"167","MPR",11462,1992-09-08,1992,0.89,10,2.69,10.03,NA
"168","MPR",11475,1992-09-15,1992,1.16,11,2.32,9.85,NA
"169","MPR",11488,1992-09-22,1992,0.66,21,1.72,6.96,NA
"170","MPR",11501,1992-09-29,1992,0.7,89,2.02,8.6,NA
"171","MPR",11514,1992-10-06,1992,0.75,164,2.43,9.92,NA
"172","MPR",11527,1992-10-13,1992,0.75,24,2.59,11.18,NA
"173","MPR",11540,1992-10-20,1992,0.71,7,2.37,9.45,NA
"174","MPR",11553,1992-10-27,1992,1.36,24,3.09,13.78,NA
"175","MPR",11566,1992-11-03,1992,0.54,53,1.35,6.32,NA
"176","MPR",11579,1992-11-10,1992,0.54,66,1,3.59,NA
"177","MPR",11592,1992-11-17,1992,0.6,22,1.76,6.54,NA
"178","MPR",11605,1992-11-24,1992,0.67,NA,1.62,6.2,NA
"179","MPR",11618,1992-12-01,1992,0.94,37,1.91,7.38,NA
"180","MPR",11631,1992-12-08,1992,0.65,19,1.99,8.04,NA
"181","MPR",11644,1992-12-15,1992,0.35,14,1.45,7.31,NA
"182","MPR",11657,1992-12-22,1992,NA,NA,NA,NA,NA
"183","MPR",11674,1992-12-29,1992,0.67,NA,1.7,6.87,NA
"184","MPR",11687,1993-01-05,1993,0.76,NA,1.9,7.55,NA
"185","MPR",11700,1993-01-12,1993,0.82,NA,2.06,7.87,NA
"186","MPR",11713,1993-01-19,1993,0.59,NA,2.06,7.93,NA
"187","MPR",11726,1993-01-26,1993,0.75,NA,2.02,7.79,NA
"188","MPR",11739,1993-02-02,1993,0.78,NA,1.97,7.66,NA
"189","MPR",11752,1993-02-09,1993,0.75,NA,2.22,9.21,NA
"190","MPR",11765,1993-02-16,1993,0.53,NA,1.25,5.59,NA
"191","MPR",11778,1993-02-23,1993,0.88,NA,2.09,7.5,NA
"192","MPR",11791,1993-03-02,1993,0.64,78,2.26,9.12,NA
"193","MPR",11804,1993-03-09,1993,0.91,76,2.32,9.09,NA
"194","MPR",11817,1993-03-16,1993,0.78,99,2.32,8.53,NA
"195","MPR",11903,1993-03-23,1993,0.8,46,2.46,9.72,NA
"196","MPR",11916,1993-03-30,1993,0.71,132,2.39,8.79,NA
"197","MPR",11929,1993-04-06,1993,0.85,119,2.46,10.02,NA
"198","MPR",11942,1993-04-13,1993,0.82,57,2.46,10.68,NA
"199","MPR",11955,1993-04-20,1993,0.96,72,2.31,9.75,NA
"200","MPR",11968,1993-04-27,1993,0.78,53,2.36,8.13,NA
"201","MPR",12011,1993-05-04,1993,1.07,68,1.67,6.55,NA
"202","MPR",12024,1993-05-11,1993,0.68,25,1.52,5.78,NA
"203","MPR",12037,1993-05-18,1993,0.81,75,2.04,8.04,NA
"204","MPR",12050,1993-05-25,1993,0.87,11,1.68,6.8,NA
"205","MPR",12063,1993-06-01,1993,0.74,NA,1.74,6.9,NA
"206","MPR",12204,1993-06-08,1993,0.83,56,2.34,9.04,NA
"207","MPR",12117,1993-06-15,1993,NA,NA,NA,NA,NA
"208","MPR",12217,1993-06-15,1993,0.72,17,1.77,7.26,NA
"209","MPR",12230,1993-06-22,1993,1.01,NA,1.89,7.22,NA
"210","MPR",12243,1993-06-29,1993,0.97,NA,3.29,14.36,NA
"211","MPR",12256,1993-07-06,1993,0.64,148,2.19,8.71,NA
"212","MPR",12269,1993-07-13,1993,0.64,NA,1.88,7.99,NA
"213","MPR",12282,1993-07-20,1993,0.76,NA,2.14,8.47,NA
"214","MPR",12295,1993-07-27,1993,0.7,NA,0.93,7.45,NA
"215","MPR",12308,1993-08-03,1993,0.69,6,2.34,9.46,NA
"216","MPR",12321,1993-08-10,1993,NA,NA,NA,NA,NA
"217","MPR",12334,1993-08-17,1993,0.98,40,2.42,9.77,NA
"218","MPR",12347,1993-08-24,1993,0.97,58,2.7,10.85,NA
"219","MPR",12360,1993-08-31,1993,0.76,NA,1.48,6,NA
"220","MPR",12373,1993-09-07,1993,0.96,99,1.9,7.65,NA
"221","MPR",12386,1993-09-14,1993,0.91,56,2.55,10.58,NA
"222","MPR",12399,1993-09-21,1993,0.76,54,1.97,8.35,NA
"223","MPR",12412,1993-09-28,1993,0.35,6,1.44,6.78,NA
"224","MPR",12425,1993-10-05,1993,0.8,19,2.02,7.36,NA
"225","MPR",12438,1993-10-13,1993,0.71,70,2.14,8.03,NA
"226","MPR",12451,1993-10-19,1993,0.59,8,1.14,7.11,NA
"227","MPR",12464,1993-10-26,1993,0.8,83,1.77,7.03,NA
"228","MPR",12477,1993-11-02,1993,0.61,47,2.86,9.12,NA
"229","MPR",12624,1993-11-09,1993,0.65,7,1.61,6.58,NA
"230","MPR",13065,1993-11-16,1993,1.05,53,1.93,6.56,NA
"231","MPR",13292,1993-11-23,1993,0.94,17,2.81,9.7,NA
"232","MPR",13348,1993-11-30,1993,0.6,19,1.38,5.15,NA
"233","MPR",13486,1993-12-07,1993,0.54,NA,2.22,8.14,NA
"234","MPR",13649,1993-12-14,1993,0.7,52,2.35,9.98,NA
"235","MPR",13662,1993-12-21,1993,0.64,25,1.29,5.59,NA
"236","MPR",13707,1993-12-28,1993,0.24,NA,0.52,NA,NA
"237","MPR",13733,1994-01-04,1994,0.56,NA,1.02,7.47,NA
"238","MPR",13720,1994-01-11,1994,0.12,NA,0.18,0.21,NA
"239","MPR",13746,1994-01-18,1994,0.55,NA,1.02,7.12,NA
"240","MPR",13759,1994-01-25,1994,0.59,NA,2.17,8.87,NA
"241","MPR",13772,1994-02-01,1994,0.56,5,1.96,7.52,NA
"242","MPR",13785,1994-02-08,1994,0.69,9,1.95,7.54,NA
"243","MPR",13904,1994-02-15,1994,0.55,NA,2.06,8.1,NA
"244","MPR",13917,1994-02-22,1994,0.54,5,0.97,4,NA
"245","MPR",13930,1994-03-01,1994,0.74,NA,2.08,8.55,NA
"246","MPR",13943,1994-03-08,1994,0.79,NA,2.32,9.86,NA
"247","MPR",13956,1994-03-15,1994,0.72,NA,2.41,10.44,NA
"248","MPR",13969,1994-03-22,1994,0.81,9,2.56,11.28,NA
"249","MPR",13982,1994-03-29,1994,0.77,NA,2.48,11.17,NA
"250","MPR",13995,1994-04-05,1994,0.83,NA,2.63,12.21,NA
"251","MPR",14008,1994-04-12,1994,0.7,NA,1.57,5.97,NA
"252","MPR",14021,1994-04-19,1994,0.61,NA,1.88,8.26,NA
"253","MPR",14034,1994-04-26,1994,0.74,19,2.4,10.82,NA
"254","MPR",14047,1994-05-03,1994,0.77,27,2.59,11.6,NA
"255","MPR",14060,1994-05-10,1994,0.6,19,1.32,5.12,NA
"256","MPR",14105,1994-05-17,1994,1,18,1.61,6.88,NA
"257","MPR",14118,1994-05-24,1994,0.82,19,2.31,10.3,NA
"258","MPR",14275,1994-05-31,1994,1.2,29,3.34,11.44,NA
"259","MPR",14685,1994-06-07,1994,0.8,12,2.18,8.58,NA
"260","MPR",14873,1994-06-14,1994,0.97,15,2.55,10.15,NA
"261","MPR",15037,1994-06-21,1994,0.84,14,2.56,10.04,NA
"262","MPR",15050,1994-06-28,1994,0.82,NA,2.06,9.07,NA
"263","MPR",15093,1994-07-05,1994,0.83,12,2.54,10.16,NA
"264","MPR",15194,1994-07-12,1994,0.49,38,1.94,3.02,NA
"265","MPR",15207,1994-07-19,1994,0.68,59,1.71,7.71,NA
"266","MPR",15220,1994-07-26,1994,1.1,NA,2.43,12.08,NA
"267","MPR",15233,1994-08-02,1994,0.73,NA,2.28,9.2,NA
"268","MPR",15246,1994-08-09,1994,0.88,179,3.72,5.29,NA
"269","MPR",15284,1994-08-16,1994,0.77,NA,2.18,11.23,NA
"270","MPR",15297,1994-08-23,1994,0.85,NA,2.42,11.67,NA
"271","MPR",15310,1994-08-30,1994,1.03,NA,3.25,11.65,NA
"272","MPR",15323,1994-09-06,1994,0.97,NA,2.18,8.32,NA
"273","MPR",15336,1994-09-13,1994,0.79,NA,2.33,9.85,NA
"274","MPR",15349,1994-09-20,1994,0.73,NA,1.07,3.62,NA
"275","MPR",15362,1994-09-27,1994,1.02,NA,2.03,10.54,NA
"276","MPR",15375,1994-10-04,1994,0.85,NA,2.53,12.41,NA
"277","MPR",15388,1994-10-11,1994,0.74,NA,1.84,8.15,NA
"278","MPR",15401,1994-10-18,1994,0.89,NA,2.24,11.49,NA
"279","MPR",15414,1994-10-25,1994,0.65,NA,1.63,6.89,NA
"280","MPR",15427,1994-11-01,1994,0.82,NA,2.29,9.8,NA
"281","MPR",15440,1994-11-08,1994,0.63,NA,1.36,5.86,NA
"282","MPR",15453,1994-11-15,1994,0.73,NA,2.06,9.42,NA
"283","MPR",15466,1994-11-22,1994,0.55,NA,1.39,6.05,NA
"284","MPR",15479,1994-11-29,1994,0.89,80,2.29,6.94,NA
"285","MPR",15492,1994-12-06,1994,0.92,6,2.95,6.41,NA
"286","MPR",15710,1994-12-13,1994,0.6,NA,1.95,8.16,NA
"287","MPR",15723,1994-12-20,1994,0.67,NA,2.22,10.04,NA
"288","MPR",15736,1994-12-27,1994,0.61,NA,2.28,9.25,NA
"289","MPR",15749,1995-01-03,1995,0.61,NA,1.99,9.7,NA
"290","MPR",15762,1995-01-10,1995,0.6,NA,1.9,9.56,NA
"291","MPR",15775,1995-01-17,1995,0.72,NA,2.18,9,NA
"292","MPR",15788,1995-01-24,1995,0.78,NA,2.55,10.86,NA
"293","MPR",15801,1995-01-31,1995,0.92,NA,2.75,12.82,NA
"294","MPR",15814,1995-02-07,1995,0.66,NA,2.39,10.47,NA
"295","MPR",15827,1995-02-14,1995,0.75,NA,2.61,10.46,NA
"296","MPR",15840,1995-02-21,1995,0.72,NA,1.8,8.46,NA
"297","MPR",15853,1995-02-28,1995,0.5,NA,1.02,4.06,NA
"298","MPR",15866,1995-03-07,1995,0.62,NA,1.91,7.77,NA
"299","MPR",15879,1995-03-14,1995,0.6,NA,1.5,5.33,NA
"300","MPR",15892,1995-03-21,1995,0.66,NA,2.34,10.24,NA
"301","MPR",15905,1995-03-28,1995,0.71,NA,2.53,10.57,NA
"302","MPR",15918,1995-04-04,1995,0.76,NA,2.62,10.98,NA
"303","MPR",15931,1995-04-11,1995,0.82,NA,2.71,11.79,NA
"304","MPR",15944,1995-04-18,1995,0.83,NA,2.45,10.75,NA
"305","MPR",15971,1995-04-25,1995,NA,NA,NA,NA,NA
"306","MPR",15984,1995-05-02,1995,NA,NA,NA,NA,NA
"307","MPR",15997,1995-05-09,1995,NA,NA,NA,NA,NA
"308","MPR",16010,1995-05-16,1995,0.62,NA,1.14,4.53,NA
"309","MPR",16023,1995-05-23,1995,0.9,NA,2.3,9.67,NA
"310","MPR",16036,1995-05-30,1995,NA,NA,NA,NA,NA
"311","MPR",16248,1995-06-06,1995,NA,NA,NA,NA,NA
"312","MPR",16261,1995-06-13,1995,NA,NA,NA,NA,NA
"313","MPR",16274,1995-06-20,1995,0.62,NA,2.07,8.49,NA
"314","MPR",16287,1995-06-27,1995,0.64,NA,2.24,10.06,NA
"315","MPR",16343,1995-07-05,1995,0.65,NA,2.47,11.49,NA
"316","MPR",16356,1995-07-11,1995,0.78,NA,2.34,9.79,NA
"317","MPR",16369,1995-07-18,1995,0.64,NA,2.04,9.7,NA
"318","MPR",16382,1995-07-26,1995,NA,NA,NA,NA,NA
"319","MPR",16395,1995-08-01,1995,NA,NA,NA,NA,NA
"320","MPR",16408,1995-08-08,1995,NA,NA,NA,NA,NA
"321","MPR",16421,1995-08-15,1995,NA,NA,NA,NA,NA
"322","MPR",16434,1995-08-22,1995,NA,NA,NA,NA,NA
"323","MPR",16447,1995-08-29,1995,NA,NA,NA,NA,NA
"324","MPR",16460,1995-09-12,1995,NA,NA,NA,NA,NA
"325","MPR",16473,1995-09-19,1995,NA,NA,NA,NA,NA
"326","MPR",16486,1995-09-26,1995,NA,NA,NA,NA,NA
"327","MPR",16499,1995-10-03,1995,NA,NA,NA,NA,NA
"328","MPR",16512,1995-10-10,1995,NA,NA,NA,NA,NA
"329","MPR",16525,1995-10-17,1995,NA,NA,NA,NA,NA
"330","MPR",16538,1995-10-24,1995,NA,NA,NA,NA,NA
"331","MPR",16551,1995-10-31,1995,NA,NA,NA,NA,NA
"332","MPR",16564,1995-11-07,1995,NA,NA,NA,NA,NA
"333","MPR",16577,1995-11-14,1995,NA,NA,NA,NA,NA
"334","MPR",16590,1995-11-21,1995,NA,NA,NA,NA,NA
"335","MPR",16603,1995-11-28,1995,NA,NA,NA,NA,NA
"336","MPR",16616,1995-12-05,1995,NA,NA,NA,NA,NA
"337","MPR",16629,1995-12-12,1995,0.78,NA,2.1,9.36,NA
"338","MPR",16642,1995-12-19,1995,0.56,NA,1.34,5.37,NA
"339","MPR",16655,1995-12-26,1995,NA,NA,NA,NA,NA
"340","Q1",1198,1989-01-03,1989,0.23,NA,0.49,NA,NA
"341","Q1",1209,1989-01-10,1989,0.97,221,2.49,4.09,NA
"342","Q1",1218,1989-01-17,1989,0.99,10,2.73,4.43,NA
"343","Q1",1220,1989-01-24,1989,0.96,155,2.79,4.4,NA
"344","Q1",1255,1989-01-31,1989,0.99,171,2.87,4.48,NA
"345","Q1",1287,1989-02-07,1989,0.95,176,2.78,4.5,NA
"346","Q1",1311,1989-02-14,1989,0.78,179,2.94,4.32,NA
"347","Q1",1326,1989-02-21,1989,0.85,159,2.77,4.18,NA
"348","Q1",1347,1989-02-28,1989,0.94,159,2.64,3.94,NA
"349","Q1",1371,1989-03-07,1989,0.83,152,2.91,4.29,NA
"350","Q1",1377,1989-03-09,1989,NA,NA,NA,NA,NA
"351","Q1",1482,1989-03-14,1989,NA,10,NA,NA,NA
"352","Q1",1391,1989-03-14,1989,0.89,NA,2.62,4.1,NA
"353","Q1",1398,1989-03-21,1989,0.79,148,2.88,4.05,NA
"354","Q1",1405,1989-03-28,1989,0.79,147,2.82,3.98,NA
"355","Q1",1444,1989-04-04,1989,0.82,146,2.76,3.51,NA
"356","Q1",1460,1989-04-11,1989,0.84,143,2.38,4.29,NA
"357","Q1",1468,1989-04-18,1989,0.78,114,2.79,4.92,NA
"358","Q1",1498,1989-04-25,1989,0.88,147,2.74,4.92,NA
"359","Q1",1505,1989-05-02,1989,0.91,135,2.8,4.96,NA
"360","Q1",1512,1989-05-09,1989,0.99,148,2.61,4.62,NA
"361","Q1",1520,1989-05-16,1989,0.89,149,2.87,4.75,NA
"362","Q1",1536,1989-05-23,1989,0.86,142,2.89,4.81,NA
"363","Q1",1564,1989-05-30,1989,0.88,144,2.96,4.74,NA
"364","Q1",1579,1989-06-06,1989,1.4,134,4.97,5.22,NA
"365","Q1",1600,1989-06-13,1989,0.82,129,2.06,4.83,NA
"366","Q1",1650,1989-06-20,1989,0.81,141,3.08,4.3,NA
"367","Q1",1683,1989-06-27,1989,0.83,161,3.15,4.53,NA
"368","Q1",1694,1989-07-05,1989,0.89,10,1.26,2.4,NA
"369","Q1",1993,1989-07-11,1989,1.02,123,2.95,5.05,NA
"370","Q1",2031,1989-07-18,1989,1.02,NA,2.79,4.93,NA
"371","Q1",2060,1989-07-26,1989,0.95,119,2.6,4.41,NA
"372","Q1",2118,1989-08-01,1989,0.92,134,2.77,4.3,NA
"373","Q1",2123,1989-08-08,1989,0.99,91,2.99,4.61,NA
"374","Q1",2134,1989-08-15,1989,0.98,95,3.09,4.47,NA
"375","Q1",2145,1989-08-22,1989,0.9,200,1.33,1.22,NA
"376","Q1",2157,1989-08-29,1989,0.9,36,2.66,4.52,NA
"377","Q1",2193,1989-09-05,1989,0.87,22,2.96,4.75,NA
"378","Q1",2204,1989-09-12,1989,0.91,NA,2.94,4.22,NA
"379","Q1",2320,1989-09-20,1989,NA,NA,NA,NA,NA
"380","Q1",2224,1989-09-22,1989,0.99,10,2.48,3.88,NA
"381","Q1",2215,1989-09-26,1989,1.27,NA,2.63,3.93,NA
"382","Q1",2220,1989-09-26,1989,1.22,NA,2.57,3.9,NA
"383","Q1",2228,1989-10-03,1989,0.98,NA,2.83,4.24,NA
"384","Q1",2238,1989-10-05,1989,1.26,NA,NA,NA,NA
"385","Q1",2242,1989-10-10,1989,0.91,89,2.87,4.31,NA
"386","Q1",2253,1989-10-17,1989,1.04,NA,2.92,4.42,NA
"387","Q1",2263,1989-10-24,1989,1.19,251,2.95,4.48,NA
"388","Q1",2297,1989-10-31,1989,1.23,338,3.97,4.14,NA
"389","Q1",2307,1989-11-07,1989,1.66,420,3.13,4.25,NA
"390","Q1",2317,1989-11-08,1989,2.63,1365,3.1,4.24,NA
"391","Q1",2324,1989-11-14,1989,1.33,291,3.13,4.31,NA
"392","Q1",2351,1989-11-21,1989,1.13,156,3.07,4.3,NA
"393","Q1",2366,1989-11-28,1989,0.93,185,3.19,5.52,NA
"394","Q1",2377,1989-12-05,1989,0.82,147,3.19,5.69,NA
"395","Q1",2388,1989-12-12,1989,0.83,164,3.29,5.91,NA
"396","Q1",2416,1989-12-19,1989,0.8,148,3.24,6.04,NA
"397","Q1",2427,1989-12-26,1989,0.96,27,3.06,6.78,NA
"398","Q1",2438,1990-01-02,1990,2.98,NA,3.19,5.15,NA
"399","Q1",2449,1990-01-09,1990,0.95,38,3.28,5.9,NA
"400","Q1",2479,1990-01-16,1990,1,73,3.37,6.13,NA
"401","Q1",2489,1990-01-23,1990,1.05,10,3.23,5.59,NA
"402","Q1",2503,1990-01-30,1990,1.02,17,3.27,6.01,NA
"403","Q1",2535,1990-02-06,1990,0.97,156,3.22,6.02,NA
"404","Q1",2546,1990-02-13,1990,1.08,212,3.49,6.01,NA
"405","Q1",2560,1990-02-20,1990,1.21,267,3.4,5.85,NA
"406","Q1",2598,1990-02-27,1990,1.16,171,3.46,5.97,NA
"407","Q1",2609,1990-03-06,1990,0.94,119,3.48,6.09,NA
"408","Q1",2620,1990-03-13,1990,2.25,NA,1.82,3.05,NA
"409","Q1",2655,1990-03-20,1990,1.29,490,3.25,5.58,NA
"410","Q1",2666,1990-03-27,1990,1.19,259,3.11,5.34,NA
"411","Q1",2734,1990-04-03,1990,1.03,NA,3.26,5.54,NA
"412","Q1",2935,1990-04-10,1990,0.95,8,3.39,5.85,NA
"413","Q1",2989,1990-04-17,1990,0.94,42,3.29,5.81,NA
"414","Q1",3000,1990-04-24,1990,0.97,53,3.35,5.96,NA
"415","Q1",3022,1990-04-25,1990,1.71,999,0.49,0.66,NA
"416","Q1",3019,1990-04-25,1990,2.1,1468,0.65,0.88,NA
"417","Q1",3009,1990-04-25,1990,2.3,1413,0.59,0.83,NA
"418","Q1",3016,1990-04-26,1990,1.49,243,2.72,4.23,NA
"419","Q1",3031,1990-05-01,1990,1.09,193,3.38,5.97,NA
"420","Q1",3209,1990-05-08,1990,1.15,189,3.24,5.48,NA
"421","Q1",3219,1990-05-10,1990,1.83,737,1.53,2.51,NA
"422","Q1",3222,1990-05-15,1990,1.14,204,3.15,5.42,NA
"423","Q1",3236,1990-05-22,1990,1.14,163,3.36,5.84,NA
"424","Q1",3343,1990-05-29,1990,1.24,142,3.29,5.4,NA
"425","Q1",3450,1990-06-05,1990,1.16,10,3.08,5.25,NA
"426","Q1",3464,1990-06-12,1990,1.19,154,3.21,5.75,NA
"427","Q1",3475,1990-06-19,1990,1.24,170,3.44,5.56,NA
"428","Q1",3486,1990-06-26,1990,1.29,203,3.09,5.07,NA
"429","Q1",3497,1990-07-03,1990,1,109,3.71,6.39,NA
"430","Q1",3508,1990-07-10,1990,1.03,119,3.49,5.94,NA
"431","Q1",3522,1990-07-17,1990,0.93,77,3.54,6.18,NA
"432","Q1",3533,1990-07-24,1990,1.7,445,1.92,3.13,NA
"433","Q1",3544,1990-07-31,1990,0.86,7,3.62,6.18,NA
"434","Q1",3555,1990-08-07,1990,0.89,49,3.65,6.38,NA
"435","Q1",3663,1990-08-14,1990,1.29,250,2.96,4.75,NA
"436","Q1",3674,1990-08-21,1990,0.86,90,3.44,6.13,NA
"437","Q1",3685,1990-08-28,1990,0.78,10,3.51,6.04,NA
"438","Q1",3696,1990-09-04,1990,0.78,10,3.15,6.06,NA
"439","Q1",3707,1990-09-11,1990,0.76,NA,3.47,6.13,NA
"440","Q1",3718,1990-09-18,1990,0.79,NA,3.36,5.88,NA
"441","Q1",3989,1990-09-25,1990,0.81,NA,3.33,6.21,NA
"442","Q1",4009,1990-10-02,1990,1,76,2.55,4.99,NA
"443","Q1",4081,1990-10-09,1990,0.98,48,3.08,5.65,NA
"444","Q1",4092,1990-10-16,1990,0.87,9,3.49,5.55,NA
"445","Q1",4168,1990-10-23,1990,0.95,67,3.16,5.19,NA
"446","Q1",4308,1990-10-30,1990,1.19,130,1.6,2.64,NA
"447","Q1",4319,1990-11-06,1990,1.04,257,2.94,4.63,NA
"448","Q1",4330,1990-11-13,1990,0.97,113,3.27,5.05,NA
"449","Q1",4365,1990-11-20,1990,0.85,75,3.32,5.03,NA
"450","Q1",4391,1990-11-27,1990,0.95,142,3,4.7,NA
"451","Q1",4411,1990-12-04,1990,1.31,236,1.57,2.65,NA
"452","Q1",4402,1990-12-04,1990,0.96,8,2.89,4.94,NA
"453","Q1",4416,1990-12-11,1990,0.78,7,3.25,5.69,NA
"454","Q1",4495,1990-12-14,1990,2.14,300,1.65,2.87,NA
"455","Q1",4486,1990-12-18,1990,0.69,87,3.24,5.64,NA
"456","Q1",4563,1990-12-25,1990,0.86,121,3.25,5.65,NA
"457","Q1",4575,1990-12-31,1990,1.23,233,2.37,3.96,NA
"458","Q1",4587,1991-01-08,1991,1.07,131,2.8,4.89,NA
"459","Q1",4769,1991-01-15,1991,0.79,NA,3.65,6.78,NA
"460","Q1",4757,1991-01-22,1991,0.67,176,3.36,5.91,NA
"461","Q1",4784,1991-01-29,1991,0.77,188,3.3,6.18,NA
"462","Q1",4795,1991-02-05,1991,0.83,NA,3.01,5.4,NA
"463","Q1",4807,1991-02-12,1991,0.8,28,3.57,6.39,NA
"464","Q1",4819,1991-02-19,1991,1.12,13,2.41,4.27,NA
"465","Q1",4831,1991-02-26,1991,0.86,89,3.36,5.37,NA
"466","Q1",4843,1991-03-05,1991,0.7,74,3.25,5.96,NA
"467","Q1",4855,1991-03-12,1991,0.79,47,3.1,5.8,NA
"468","Q1",4867,1991-03-19,1991,0.81,158,3.25,6.1,NA
"469","Q1",4933,1991-03-22,1991,NA,NA,NA,NA,NA
"470","Q1",4879,1991-03-26,1991,0.71,113,3.1,5.84,NA
"471","Q1",4941,1991-04-02,1991,0.75,78,3.27,5.99,NA
"472","Q1",4975,1991-04-09,1991,0.77,36,3.13,5.59,NA
"473","Q1",5048,1991-04-15,1991,0.9,23,3.01,5.25,NA
"474","Q1",5121,1991-04-23,1991,0.93,19,3.14,5.51,NA
"475","Q1",5201,1991-04-30,1991,0.78,31,1.92,3.13,NA
"476","Q1",5433,1991-05-07,1991,0.89,70,3,5.62,NA
"477","Q1",5548,1991-05-14,1991,0.96,10,3.01,5.76,NA
"478","Q1",6072,1991-05-21,1991,0.89,10,3.09,5.4,NA
"479","Q1",6115,1991-05-28,1991,0.89,22,3.11,5.26,NA
"480","Q1",6317,1991-05-31,1991,0.92,NA,3.06,5.21,NA
"481","Q1",6167,1991-06-01,1991,NA,NA,NA,NA,NA
"482","Q1",6157,1991-06-04,1991,0.92,136,3.06,5.26,NA
"483","Q1",6270,1991-06-11,1991,1.15,73,3.14,5.36,NA
"484","Q1",6306,1991-06-18,1991,0.87,55,3.01,5.36,NA
"485","Q1",6393,1991-06-25,1991,0.92,NA,3.08,5.14,NA
"486","Q1",6406,1991-07-02,1991,1.17,63,3.09,5.01,NA
"487","Q1",6419,1991-07-09,1991,0.89,69,2.82,5.28,NA
"488","Q1",6467,1991-07-16,1991,0.52,10,3.17,5.86,NA
"489","Q1",6480,1991-07-23,1991,0.25,10,3.42,5.89,NA
"490","Q1",6493,1991-07-30,1991,0.69,10,3.32,5.86,NA
"491","Q1",6653,1991-08-06,1991,0.83,10,4.17,6.07,NA
"492","Q1",6767,1991-08-13,1991,0.74,NA,4.32,6.13,NA
"493","Q1",6780,1991-08-20,1991,0.79,17,4.3,7.07,NA
"494","Q1",6911,1991-08-27,1991,0.92,15,3.25,5.41,NA
"495","Q1",9137,1991-08-27,1991,1.42,130,1.7,2.86,NA
"496","Q1",7122,1991-09-03,1991,0.95,69,3.36,5.27,NA
"497","Q1",7135,1991-09-10,1991,2.56,75,7,12.1,NA
"498","Q1",7148,1991-09-17,1991,0.97,31,3.17,4.98,NA
"499","Q1",7187,1991-09-24,1991,0.99,65,3.4,5.6,NA
"500","Q1",7200,1991-10-01,1991,0.97,83,3.24,4.87,NA
"501","Q1",7213,1991-10-08,1991,1.11,69,3.45,5.15,NA
"502","Q1",7226,1991-10-15,1991,0.97,81,3.27,5.09,NA
"503","Q1",7239,1991-10-22,1991,0.79,74,3.71,5.22,NA
"504","Q1",7252,1991-10-29,1991,0.73,54,3.51,4.8,NA
"505","Q1",7265,1991-11-05,1991,1.15,100,2.57,4.88,NA
"506","Q1",7289,1991-11-07,1991,1.77,44,1.19,1.55,NA
"507","Q1",7292,1991-11-08,1991,1.2,57,1.49,2.17,NA
"508","Q1",7278,1991-11-12,1991,1.33,150,3.46,5.29,NA
"509","Q1",7297,1991-11-18,1991,0.94,85,3.3,6.25,NA
"510","Q1",7321,1991-11-22,1991,1.52,104,1.33,1.94,NA
"511","Q1",7310,1991-11-26,1991,1.21,145,3.04,4.56,NA
"512","Q1",7427,1991-12-03,1991,1.1,100,2.53,3.62,NA
"513","Q1",7440,1991-12-10,1991,0.99,338,3.03,4.81,NA
"514","Q1",7453,1991-12-17,1991,1.05,167,3.07,4.62,NA
"515","Q1",7466,1991-12-23,1991,1.05,164,3.08,5.86,NA
"516","Q1",7479,1991-12-30,1991,1.09,NA,3.37,5.81,NA
"517","Q1",7492,1992-01-07,1992,1.31,216,2.82,4.82,NA
"518","Q1",7505,1992-01-14,1992,1.18,200,3.15,5.59,NA
"519","Q1",8636,1992-01-21,1992,1.35,177,3.32,5.68,NA
"520","Q1",9028,1992-01-28,1992,1.29,171,3.16,5.47,NA
"521","Q1",9113,1992-02-04,1992,1.3,324,2.29,2.81,NA
"522","Q1",9140,1992-02-06,1992,1.59,17,2.3,4.01,NA
"523","Q1",9126,1992-02-11,1992,1.04,101,3.33,4.77,NA
"524","Q1",9200,1992-02-18,1992,1.01,291,3.22,5.78,NA
"525","Q1",9213,1992-02-25,1992,0.99,138,3.47,5.75,NA
"526","Q1",9226,1992-03-03,1992,1.13,174,3.84,8.48,NA
"527","Q1",9471,1992-03-10,1992,1.06,10,3.15,5.11,NA
"528","Q1",9484,1992-03-17,1992,1.1,133,3.3,6.08,NA
"529","Q1",9497,1992-03-24,1992,1.01,NA,3.22,5.5,NA
"530","Q1",9510,1992-04-01,1992,1.56,87,2.95,4.48,NA
"531","Q1",9523,1992-04-07,1992,0.75,36,5.53,8.77,NA
"532","Q1",9536,1992-04-14,1992,1.03,11,3.22,5.76,NA
"533","Q1",9549,1992-04-21,1992,1.37,49,3.53,6.85,NA
"534","Q1",9793,1992-04-28,1992,0.44,30,2.37,4.24,NA
"535","Q1",9908,1992-05-05,1992,1.07,27,3.13,5.32,NA
"536","Q1",10447,1992-05-12,1992,0.97,137,3.37,5.64,NA
"537","Q1",10702,1992-05-19,1992,0.92,128,3.28,5.3,NA
"538","Q1",10760,1992-05-26,1992,1.35,NA,2.54,4.21,NA
"539","Q1",10773,1992-06-02,1992,1.34,66,1.49,2.24,NA
"540","Q1",10885,1992-06-09,1992,1,10,3.09,5.32,NA
"541","Q1",10898,1992-06-16,1992,1.21,27,1.58,2.54,NA
"542","Q1",11119,1992-06-23,1992,0.98,32,2.46,3.92,NA
"543","Q1",11281,1992-06-30,1992,1.15,31,3.27,5.49,NA
"544","Q1",11294,1992-07-07,1992,1.14,111,3.32,5.58,NA
"545","Q1",11307,1992-07-14,1992,1.32,41,3.68,6.34,NA
"546","Q1",11320,1992-07-21,1992,1.09,NA,3.4,5.72,NA
"547","Q1",11381,1992-07-28,1992,1.18,148,3.48,5.94,NA
"548","Q1",11394,1992-08-04,1992,1.11,359,3.41,6.04,NA
"549","Q1",11407,1992-08-11,1992,1.13,26,1.9,3.06,NA
"550","Q1",11420,1992-08-18,1992,1.09,27,3.34,5.98,NA
"551","Q1",11433,1992-08-25,1992,1.11,382,3.41,6.31,NA
"552","Q1",11446,1992-09-01,1992,1,10,3.77,6.51,NA
"553","Q1",11459,1992-09-08,1992,1.17,10,2.39,4.24,NA
"554","Q1",11472,1992-09-15,1992,1.36,16,4.61,7.98,NA
"555","Q1",11485,1992-09-22,1992,1.06,10,2.93,5.03,NA
"556","Q1",11498,1992-09-29,1992,1,84,3.37,6.1,NA
"557","Q1",11511,1992-10-06,1992,0.95,288,3.54,6.4,NA
"558","Q1",11524,1992-10-13,1992,1.27,NA,4.27,7.35,NA
"559","Q1",11537,1992-10-20,1992,0.87,56,3.45,6.16,NA
"560","Q1",11550,1992-10-27,1992,0.91,NA,3.33,6.03,NA
"561","Q1",11563,1992-11-03,1992,1.04,10,3.08,5.47,NA
"562","Q1",11576,1992-11-10,1992,1.11,135,2.22,3.58,NA
"563","Q1",11589,1992-11-17,1992,0.41,20,1.06,3.02,NA
"564","Q1",11602,1992-11-24,1992,1.14,16,3.15,5.3,NA
"565","Q1",11615,1992-12-01,1992,1.19,9,2.92,5.15,NA
"566","Q1",11628,1992-12-08,1992,1.06,15,3.16,5.11,NA
"567","Q1",11641,1992-12-15,1992,0.41,26,1.31,3.97,NA
"568","Q1",11665,1992-12-22,1992,NA,NA,NA,NA,NA
"569","Q1",11666,1992-12-22,1992,NA,NA,NA,NA,NA
"570","Q1",11654,1992-12-22,1992,1.25,NA,2.75,4.63,NA
"571","Q1",11671,1992-12-29,1992,1.05,NA,2.81,4.66,NA
"572","Q1",11684,1993-01-05,1993,1.44,NA,4.25,7.11,NA
"573","Q1",11697,1993-01-12,1993,1.14,NA,2.98,5.17,NA
"574","Q1",11710,1993-01-19,1993,1.14,NA,2.9,4.28,NA
"575","Q1",11723,1993-01-26,1993,1.18,NA,2.73,4.01,NA
"576","Q1",11736,1993-02-02,1993,1.07,NA,3.19,4.67,NA
"577","Q1",11749,1993-02-09,1993,1,NA,3.15,4.78,NA
"578","Q1",11762,1993-02-16,1993,1.09,NA,3.15,4.84,NA
"579","Q1",11775,1993-02-23,1993,0.91,NA,3.11,4.77,NA
"580","Q1",11788,1993-03-02,1993,1.24,20,3.17,5.15,NA
"581","Q1",11801,1993-03-09,1993,1.1,194,3.81,6.84,NA
"582","Q1",11814,1993-03-16,1993,1,63,3.14,4.64,NA
"583","Q1",11900,1993-03-23,1993,1.05,135,3.15,5.39,NA
"584","Q1",11913,1993-03-30,1993,1.46,177,4.72,8.59,NA
"585","Q1",11926,1993-04-06,1993,1.23,163,3.62,6.48,NA
"586","Q1",11939,1993-04-13,1993,1.28,172,4.18,7.18,NA
"587","Q1",11952,1993-04-20,1993,1.56,138,4.31,7.3,NA
"588","Q1",11965,1993-04-27,1993,0.84,183,3.49,1.16,NA
"589","Q1",12008,1993-05-04,1993,1.05,9,2.62,4.58,NA
"590","Q1",12021,1993-05-11,1993,1.08,12,2.68,4.01,NA
"591","Q1",12034,1993-05-18,1993,1.07,10,2.96,4.79,NA
"592","Q1",12047,1993-05-25,1993,1.64,6,3.99,6.99,NA
"593","Q1",12060,1993-06-01,1993,1.35,17,3.75,6.76,NA
"594","Q1",12201,1993-06-08,1993,1.11,75,3.3,5.97,NA
"595","Q1",12214,1993-06-15,1993,1,37,3.15,5.77,NA
"596","Q1",12227,1993-06-22,1993,1.12,26,2.59,4.54,NA
"597","Q1",12240,1993-06-29,1993,1.19,17,3.2,5.43,NA
"598","Q1",12253,1993-07-06,1993,0.86,55,3.38,6.24,NA
"599","Q1",12266,1993-07-13,1993,1.06,NA,3.11,5.24,NA
"600","Q1",12279,1993-07-20,1993,0.92,NA,3.29,5.83,NA
"601","Q1",12292,1993-07-27,1993,1.05,NA,1.6,5.21,NA
"602","Q1",12305,1993-08-03,1993,1.1,NA,3.13,5.61,NA
"603","Q1",12318,1993-08-10,1993,0.87,61,3.16,5.48,NA
"604","Q1",12331,1993-08-17,1993,1.17,6,3.22,5.77,NA
"605","Q1",12344,1993-08-24,1993,0.98,11,3.18,5.27,NA
"606","Q1",12357,1993-08-31,1993,1.05,21,2.91,5.26,NA
"607","Q1",12370,1993-09-07,1993,0.83,124,3.52,5.54,NA
"608","Q1",12383,1993-09-14,1993,1.49,9,4.66,8.01,NA
"609","Q1",12396,1993-09-21,1993,1.02,192,3.25,5.98,NA
"610","Q1",12409,1993-09-28,1993,1.01,9,2.56,4.24,NA
"611","Q1",12422,1993-10-05,1993,1.08,9,3.22,6.03,NA
"612","Q1",12435,1993-10-13,1993,1.21,7,3.01,5.24,NA
"613","Q1",12448,1993-10-19,1993,1.43,7,3.41,5.78,NA
"614","Q1",12461,1993-10-26,1993,1.05,8,3.35,5.73,NA
"615","Q1",12474,1993-11-02,1993,0.87,6,3.36,6.46,NA
"616","Q1",12621,1993-11-09,1993,0.93,8,3.12,5.82,NA
"617","Q1",13062,1993-11-16,1993,1.5,6,2.78,4.82,NA
"618","Q1",13289,1993-11-23,1993,1.48,22,4.46,7.79,NA
"619","Q1",13345,1993-11-30,1993,1.02,16,2.49,4.55,NA
"620","Q1",13483,1993-12-07,1993,0.84,25,3.21,5.69,NA
"621","Q1",13646,1993-12-14,1993,1.03,14,3.28,5.84,NA
"622","Q1",13659,1993-12-21,1993,1.3,50,3.9,6.76,NA
"623","Q1",13704,1993-12-28,1993,1.16,NA,2.78,4.5,NA
"624","Q1",13730,1994-01-04,1994,1.34,NA,4.28,7.26,NA
"625","Q1",13717,1994-01-11,1994,0.95,NA,1.34,3.99,NA
"626","Q1",13743,1994-01-18,1994,0.85,NA,1.58,5.11,NA
"627","Q1",13756,1994-01-25,1994,0.89,NA,3.26,5.64,NA
"628","Q1",13769,1994-02-01,1994,0.94,9,2.61,4.08,NA
"629","Q1",13782,1994-02-08,1994,1.09,17,3.15,5.49,NA
"630","Q1",13901,1994-02-15,1994,0.8,NA,3.06,4.99,NA
"631","Q1",13914,1994-02-22,1994,1.36,21,2.72,4.4,NA
"632","Q1",13927,1994-03-01,1994,1.21,NA,3.36,5.64,NA
"633","Q1",13940,1994-03-08,1994,0.95,NA,3.38,6.08,NA
"634","Q1",13953,1994-03-15,1994,0.96,7,3.44,6.29,NA
"635","Q1",13966,1994-03-22,1994,1.07,NA,3.47,6.24,NA
"636","Q1",13979,1994-03-29,1994,0.94,NA,3.5,6.7,NA
"637","Q1",13992,1994-04-05,1994,0.93,NA,3.53,6.2,NA
"638","Q1",14005,1994-04-12,1994,1.02,142,3.3,6,NA
"639","Q1",14018,1994-04-19,1994,1.15,177,3.39,6.17,NA
"640","Q1",14031,1994-04-26,1994,1.01,17,3.56,6.67,NA
"641","Q1",14044,1994-05-03,1994,0.89,19,3.48,6.46,NA
"642","Q1",14057,1994-05-10,1994,1.35,14,3.02,5.33,NA
"643","Q1",14102,1994-05-17,1994,1.1,25,2.88,5.49,NA
"644","Q1",14115,1994-05-24,1994,1.14,18,3.44,6.62,NA
"645","Q1",14272,1994-05-31,1994,1.23,16,4.48,7.7,NA
"646","Q1",14682,1994-06-07,1994,1.13,17,3.94,6.86,NA
"647","Q1",14870,1994-06-14,1994,1.22,20,4.53,7.75,NA
"648","Q1",15034,1994-06-21,1994,1.34,11,3.97,6.94,NA
"649","Q1",15047,1994-06-28,1994,1.15,NA,3.49,6.22,NA
"650","Q1",15105,1994-06-30,1994,1.14,152,2.33,4.35,NA
"651","Q1",15090,1994-07-05,1994,0.98,13,3.56,6.37,NA
"652","Q1",15191,1994-07-12,1994,1.28,102,4.6,7.98,NA
"653","Q1",15204,1994-07-19,1994,1.49,112,4.16,7.06,NA
"654","Q1",15217,1994-07-26,1994,1.05,NA,3.41,6.23,NA
"655","Q1",15230,1994-08-02,1994,1.17,NA,3.47,5.75,NA
"656","Q1",15243,1994-08-09,1994,1.05,NA,3.24,5.66,NA
"657","Q1",15281,1994-08-16,1994,1.07,NA,3.53,5.94,NA
"658","Q1",15294,1994-08-23,1994,1.05,NA,3.26,6.4,NA
"659","Q1",15307,1994-08-30,1994,1.37,NA,5.12,8.92,NA
"660","Q1",15320,1994-09-06,1994,1.79,NA,3.73,6.67,NA
"661","Q1",15333,1994-09-13,1994,0.89,NA,3.38,6.15,NA
"662","Q1",15346,1994-09-20,1994,1.7,NA,1.45,2.42,NA
"663","Q1",15359,1994-09-27,1994,0.88,NA,3.39,6.45,NA
"664","Q1",15372,1994-10-04,1994,0.84,NA,3.45,6.41,NA
"665","Q1",15385,1994-10-11,1994,1.22,NA,3.33,6.4,NA
"666","Q1",15398,1994-10-18,1994,0.94,NA,3.44,6.6,NA
"667","Q1",15411,1994-10-25,1994,1.35,NA,2.82,5.06,NA
"668","Q1",15424,1994-11-01,1994,1.21,NA,3.52,6.62,NA
"669","Q1",15437,1994-11-08,1994,1.36,NA,2.11,3.78,NA
"670","Q1",15450,1994-11-15,1994,1.25,NA,3.4,6.29,NA
"671","Q1",15463,1994-11-22,1994,1.03,NA,3.19,5.68,NA
"672","Q1",15476,1994-11-29,1994,1.01,NA,3.02,5.4,NA
"673","Q1",15489,1994-12-06,1994,0.65,109,2.03,3.67,NA
"674","Q1",15707,1994-12-13,1994,0.99,NA,3.18,5.76,NA
"675","Q1",15720,1994-12-20,1994,1.45,NA,3.67,7.83,NA
"676","Q1",15733,1994-12-27,1994,0.94,NA,3.28,5.78,NA
"677","Q1",15746,1995-01-03,1995,1.3,NA,3.21,5.53,NA
"678","Q1",15759,1995-01-10,1995,1.27,NA,3.41,6.29,NA
"679","Q1",15772,1995-01-17,1995,1.14,NA,3.3,5.66,NA
"680","Q1",15785,1995-01-24,1995,NA,NA,NA,NA,NA
"681","Q1",15798,1995-01-31,1995,1.84,NA,4.95,9.35,NA
"682","Q1",15811,1995-02-07,1995,1.59,NA,5.42,9.72,NA
"683","Q1",15824,1995-02-14,1995,1.21,NA,3.51,6.23,NA
"684","Q1",15837,1995-02-21,1995,0.3,NA,3.61,4.33,NA
"685","Q1",15850,1995-02-28,1995,1.23,NA,1.98,3,NA
"686","Q1",15863,1995-03-07,1995,0.96,NA,3.17,5.41,NA
"687","Q1",15876,1995-03-14,1995,1.1,NA,2.13,3.69,NA
"688","Q1",15889,1995-03-21,1995,1.03,NA,3.43,5.91,NA
"689","Q1",15902,1995-03-28,1995,0.94,NA,3.25,5.94,NA
"690","Q1",15915,1995-04-04,1995,0.91,NA,3.53,6.41,NA
"691","Q1",15928,1995-04-11,1995,0.92,NA,3.52,6.17,NA
"692","Q1",15941,1995-04-18,1995,0.89,NA,3.25,5.78,NA
"693","Q1",15968,1995-04-25,1995,NA,NA,NA,NA,NA
"694","Q1",15981,1995-05-02,1995,NA,NA,NA,NA,NA
"695","Q1",15994,1995-05-09,1995,NA,NA,NA,NA,NA
"696","Q1",16007,1995-05-16,1995,1.64,NA,2.73,4.72,NA
"697","Q1",16020,1995-05-23,1995,1.55,NA,4.07,6.54,NA
"698","Q1",16033,1995-05-30,1995,NA,NA,NA,NA,NA
"699","Q1",16245,1995-06-06,1995,NA,NA,NA,NA,NA
"700","Q1",16258,1995-06-13,1995,NA,NA,NA,NA,NA
"701","Q1",16271,1995-06-20,1995,1.05,NA,3.34,6.1,NA
"702","Q1",16284,1995-06-27,1995,1.01,NA,3.23,5.8,NA
"703","Q1",16340,1995-07-05,1995,NA,NA,NA,NA,NA
"704","Q1",16353,1995-07-11,1995,0.84,NA,3.4,6.04,NA
"705","Q1",16366,1995-07-18,1995,0.83,NA,3,5.38,NA
"706","Q1",16379,1995-07-26,1995,1.05,NA,3.41,6.04,NA
"707","Q1",16392,1995-08-01,1995,NA,NA,NA,NA,NA
"708","Q1",16405,1995-08-08,1995,NA,NA,NA,NA,NA
"709","Q1",16418,1995-08-15,1995,NA,NA,NA,NA,NA
"710","Q1",16431,1995-08-22,1995,NA,NA,NA,NA,NA
"711","Q1",16444,1995-08-29,1995,NA,NA,NA,NA,NA
"712","Q1",16457,1995-09-12,1995,NA,NA,NA,NA,NA
"713","Q1",16470,1995-09-19,1995,NA,NA,NA,NA,NA
"714","Q1",16483,1995-09-26,1995,NA,NA,NA,NA,NA
"715","Q1",16496,1995-10-03,1995,NA,NA,NA,NA,NA
"716","Q1",16509,1995-10-10,1995,NA,NA,NA,NA,NA
"717","Q1",16522,1995-10-17,1995,NA,NA,NA,NA,NA
"718","Q1",16535,1995-10-24,1995,NA,NA,NA,NA,NA
"719","Q1",16548,1995-10-31,1995,NA,NA,NA,NA,NA
"720","Q1",16561,1995-11-07,1995,NA,NA,NA,NA,NA
"721","Q1",16574,1995-11-14,1995,NA,NA,NA,NA,NA
"722","Q1",16587,1995-11-21,1995,NA,NA,NA,NA,NA
"723","Q1",16600,1995-11-28,1995,NA,NA,NA,NA,NA
"724","Q1",16613,1995-12-05,1995,0.43,NA,1.09,2.03,NA
"725","Q1",16626,1995-12-12,1995,NA,NA,NA,NA,NA
"726","Q1",16639,1995-12-19,1995,1.36,NA,2.3,3.77,NA
"727","Q1",16652,1995-12-26,1995,1.18,NA,3.43,6.56,NA
"728","Q2",1194,1989-01-03,1989,0.91,9,2.5,3.96,NA
"729","Q2",1208,1989-01-10,1989,1,421,1.97,4.92,NA
"730","Q2",1217,1989-01-17,1989,1,139,2.54,3.93,NA
"731","Q2",1222,1989-01-24,1989,0.94,222,2.66,4.08,NA
"732","Q2",1258,1989-01-31,1989,0.94,246,2.69,4.08,NA
"733","Q2",1288,1989-02-07,1989,0.94,245,2.55,5.08,NA
"734","Q2",1306,1989-02-14,1989,0.78,249,2.69,5.09,NA
"735","Q2",1327,1989-02-21,1989,0.86,228,2.36,4.65,NA
"736","Q2",1348,1989-02-28,1989,0.9,235,2.25,4.59,NA
"737","Q2",1372,1989-03-07,1989,0.89,237,2.59,5.04,NA
"738","Q2",1378,1989-03-09,1989,NA,NA,NA,NA,NA
"739","Q2",1483,1989-03-14,1989,NA,61,NA,NA,NA
"740","Q2",1392,1989-03-14,1989,0.86,466,2.35,4.79,NA
"741","Q2",1399,1989-03-21,1989,0.86,229,5.57,4.66,NA
"742","Q2",1406,1989-03-28,1989,0.5,217,2.61,4.66,NA
"743","Q2",1445,1989-04-04,1989,0.86,224,2.49,4.13,NA
"744","Q2",1461,1989-04-11,1989,0.9,209,2.23,4.95,NA
"745","Q2",1469,1989-04-18,1989,0.91,143,2.47,4.11,NA
"746","Q2",1499,1989-04-25,1989,0.94,162,2.51,4.2,NA
"747","Q2",1506,1989-05-02,1989,0.97,151,2.62,4.23,NA
"748","Q2",1513,1989-05-09,1989,0.98,194,2.36,5.1,NA
"749","Q2",1521,1989-05-16,1989,0.97,186,3.03,4.17,NA
"750","Q2",1537,1989-05-23,1989,0.85,166,2.74,4.41,NA
"751","Q2",1565,1989-05-30,1989,0.97,156,2.8,4.23,NA
"752","Q2",1580,1989-06-06,1989,1.02,199,2.76,4.44,NA
"753","Q2",1601,1989-06-13,1989,0.83,167,2.62,5.19,NA
"754","Q2",1651,1989-06-20,1989,0.9,185,2.64,5.25,NA
"755","Q2",1684,1989-06-27,1989,0.88,86,2.86,4.72,NA
"756","Q2",1695,1989-07-05,1989,0.95,211,1.25,2.98,NA
"757","Q2",1983,1989-07-11,1989,1.1,198,2.5,5.07,NA
"758","Q2",2032,1989-07-18,1989,1.07,132,2.48,5.25,NA
"759","Q2",2061,1989-07-26,1989,1.03,200,2.51,5.03,NA
"760","Q2",2111,1989-08-01,1989,0.98,226,2.49,4.91,NA
"761","Q2",2124,1989-08-08,1989,1.09,139,2.87,5.2,NA
"762","Q2",2135,1989-08-15,1989,0.98,145,2.76,5.05,NA
"763","Q2",2146,1989-08-22,1989,0.96,247,1.49,3.24,NA
"764","Q2",2158,1989-08-29,1989,0.96,149,2.59,5.03,NA
"765","Q2",2194,1989-09-05,1989,0.98,32,2.8,5.56,NA
"766","Q2",2205,1989-09-12,1989,0.98,8,2.85,5.24,NA
"767","Q2",2321,1989-09-20,1989,NA,NA,NA,NA,NA
"768","Q2",2225,1989-09-22,1989,1.13,NA,2.51,4.89,NA
"769","Q2",2221,1989-09-26,1989,1.35,NA,2.72,5.15,NA
"770","Q2",2216,1989-09-26,1989,1.48,106,2.73,5.2,NA
"771","Q2",2229,1989-10-03,1989,1.18,113,2.88,5.49,NA
"772","Q2",2239,1989-10-05,1989,1.1,NA,NA,NA,NA
"773","Q2",2243,1989-10-10,1989,1.09,NA,2.9,5.51,NA
"774","Q2",2254,1989-10-17,1989,1.3,171,2.94,5.63,NA
"775","Q2",2264,1989-10-24,1989,1.34,383,2.97,5.71,NA
"776","Q2",2298,1989-10-31,1989,1.37,443,3.45,6.02,NA
"777","Q2",2308,1989-11-07,1989,1.82,624,3.05,5.31,NA
"778","Q2",2318,1989-11-08,1989,2.44,1204,2.92,5.45,NA
"779","Q2",2325,1989-11-14,1989,1.6,424,3.02,5.25,NA
"780","Q2",2352,1989-11-21,1989,1.37,304,3.09,5.4,NA
"781","Q2",2367,1989-11-28,1989,1.06,290,3.22,6.86,NA
"782","Q2",2378,1989-12-05,1989,0.96,262,3.17,6.77,NA
"783","Q2",2389,1989-12-12,1989,1.05,265,3.14,6.85,NA
"784","Q2",2417,1989-12-19,1989,0.93,263,3.13,6.91,NA
"785","Q2",2428,1989-12-26,1989,0.79,164,3.19,5.89,NA
"786","Q2",2439,1990-01-02,1990,2.42,NA,3.28,6.84,NA
"787","Q2",2450,1990-01-09,1990,1.21,275,2.85,6.15,NA
"788","Q2",2480,1990-01-16,1990,1.2,385,3.13,6.75,NA
"789","Q2",2490,1990-01-23,1990,1.24,10,3,6.5,NA
"790","Q2",2504,1990-01-30,1990,1.23,13,3,6.66,NA
"791","Q2",2536,1990-02-06,1990,1.08,277,3.06,6.8,NA
"792","Q2",2547,1990-02-13,1990,1.29,288,3.3,6.8,NA
"793","Q2",2561,1990-02-20,1990,1.43,57,3.19,6.66,NA
"794","Q2",2599,1990-02-27,1990,1.34,253,3.27,6.94,NA
"795","Q2",2610,1990-03-06,1990,1.17,191,3.36,7.06,NA
"796","Q2",2621,1990-03-13,1990,1.93,151,1.93,4.31,NA
"797","Q2",2656,1990-03-20,1990,1.34,NA,3.22,6.79,NA
"798","Q2",2667,1990-03-27,1990,1.24,274,3.14,6.75,NA
"799","Q2",2735,1990-04-03,1990,1.12,NA,3.33,7.01,NA
"800","Q2",2936,1990-04-10,1990,1.08,111,3.41,7.31,NA
"801","Q2",2990,1990-04-17,1990,1.02,53,3.32,7.17,NA
"802","Q2",3001,1990-04-24,1990,1.05,10,3.34,7.25,NA
"803","Q2",3023,1990-04-25,1990,1.64,840,0.42,0.79,NA
"804","Q2",3020,1990-04-25,1990,1.99,1059,0.51,1.03,NA
"805","Q2",3010,1990-04-25,1990,1.92,1338,0.63,1.17,NA
"806","Q2",3017,1990-04-26,1990,1.56,711,2.23,4.58,NA
"807","Q2",3032,1990-05-01,1990,1.05,332,3.14,6.67,NA
"808","Q2",3210,1990-05-08,1990,1.23,10,3.2,6.8,NA
"809","Q2",3220,1990-05-10,1990,1.63,736,1.81,3.99,NA
"810","Q2",3223,1990-05-15,1990,1.26,274,3.09,6.66,NA
"811","Q2",3237,1990-05-22,1990,1.25,235,3.32,7.13,NA
"812","Q2",3344,1990-05-29,1990,1.29,359,3.12,5.2,NA
"813","Q2",3451,1990-06-05,1990,1.22,144,3.26,6.82,NA
"814","Q2",3465,1990-06-12,1990,1.26,261,3.41,6.99,NA
"815","Q2",3476,1990-06-19,1990,1.22,503,3.25,6.78,NA
"816","Q2",3487,1990-06-26,1990,1.22,294,2.9,6.06,NA
"817","Q2",3498,1990-07-03,1990,1.04,199,3.43,7.54,NA
"818","Q2",3509,1990-07-10,1990,1.08,212,3.46,7.25,NA
"819","Q2",3523,1990-07-17,1990,0.97,137,3.6,7.82,NA
"820","Q2",3534,1990-07-24,1990,1.24,236,1.94,4.1,NA
"821","Q2",3545,1990-07-31,1990,0.93,109,3.63,7.63,NA
"822","Q2",3556,1990-08-07,1990,0.93,107,3.68,8.2,NA
"823","Q2",3664,1990-08-14,1990,1.14,415,2.75,5.47,NA
"824","Q2",3675,1990-08-21,1990,0.95,212,3.33,7.35,NA
"825","Q2",3686,1990-08-28,1990,0.84,159,3.44,7.28,NA
"826","Q2",3697,1990-09-04,1990,0.88,10,3.73,8.31,NA
"827","Q2",3708,1990-09-11,1990,0.9,15,3.27,7.37,NA
"828","Q2",3719,1990-09-18,1990,0.85,22,3.25,7.16,NA
"829","Q2",3990,1990-09-25,1990,0.88,22,3.19,7.43,NA
"830","Q2",4010,1990-10-02,1990,0.96,128,2.38,6.12,NA
"831","Q2",4082,1990-10-09,1990,0.97,101,2.81,6.53,NA
"832","Q2",4093,1990-10-16,1990,0.91,97,3.27,6.67,NA
"833","Q2",4169,1990-10-23,1990,0.93,172,3.14,6.45,NA
"834","Q2",4309,1990-10-30,1990,1,100,1.54,3.29,NA
"835","Q2",4320,1990-11-06,1990,0.54,252,1.99,4.17,NA
"836","Q2",4331,1990-11-13,1990,0.86,170,3.37,6.61,NA
"837","Q2",4366,1990-11-20,1990,0.84,253,3.38,6.94,NA
"838","Q2",4392,1990-11-27,1990,0.89,205,3.16,6.99,NA
"839","Q2",4412,1990-12-04,1990,1.13,289,1.62,3.8,NA
"840","Q2",4403,1990-12-04,1990,0.94,8,2.84,6.28,NA
"841","Q2",4417,1990-12-11,1990,0.77,7,3.3,7.42,NA
"842","Q2",4496,1990-12-14,1990,2.16,300,2.32,5.33,NA
"843","Q2",4487,1990-12-18,1990,0.72,252,3.35,7.37,NA
"844","Q2",4564,1990-12-25,1990,0.89,235,3.37,7.1,NA
"845","Q2",4576,1990-12-31,1990,1.18,267,2.33,5.15,NA
"846","Q2",4588,1991-01-08,1991,1.13,340,3.15,7.06,NA
"847","Q2",4770,1991-01-15,1991,0.78,NA,3.29,7.06,NA
"848","Q2",4758,1991-01-22,1991,0.74,138,3.41,7.46,NA
"849","Q2",4785,1991-01-29,1991,0.75,95,3.25,7.07,NA
"850","Q2",4796,1991-02-05,1991,0.86,5,3.03,6.8,NA
"851","Q2",4808,1991-02-12,1991,0.89,63,3.39,7.42,NA
"852","Q2",4820,1991-02-19,1991,0.98,71,2.4,5.56,NA
"853","Q2",4832,1991-02-26,1991,0.87,229,2.28,6.71,NA
"854","Q2",4844,1991-03-05,1991,0.79,NA,3.14,6.81,NA
"855","Q2",4856,1991-03-12,1991,0.8,272,3.04,6.9,NA
"856","Q2",4868,1991-03-19,1991,0.8,212,3.11,7.2,NA
"857","Q2",4934,1991-03-22,1991,NA,NA,NA,NA,NA
"858","Q2",4880,1991-03-26,1991,0.76,158,3.11,7.02,NA
"859","Q2",4942,1991-04-02,1991,0.78,191,3.18,7.06,NA
"860","Q2",4976,1991-04-09,1991,0.76,18,2.93,6.66,NA
"861","Q2",5049,1991-04-15,1991,1,29,2.8,6.08,NA
"862","Q2",5122,1991-04-23,1991,1.02,19,2.93,6.62,NA
"863","Q2",5202,1991-04-30,1991,0.96,42,1.94,4.1,NA
"864","Q2",5434,1991-05-07,1991,1.02,18,3.09,3.08,NA
"865","Q2",5549,1991-05-14,1991,0.93,10,3.19,3.14,NA
"866","Q2",6073,1991-05-21,1991,0.98,19,3.1,3.7,NA
"867","Q2",6116,1991-05-28,1991,0.98,10,2.01,3.71,NA
"868","Q2",6318,1991-05-31,1991,1.08,NA,3.08,3.02,NA
"869","Q2",6168,1991-06-01,1991,NA,NA,NA,NA,NA
"870","Q2",6158,1991-06-04,1991,1.02,77,3.19,3.14,NA
"871","Q2",6271,1991-06-11,1991,1.1,91,3.01,3.66,NA
"872","Q2",6307,1991-06-18,1991,1.05,86,3,3.6,NA
"873","Q2",6394,1991-06-25,1991,1.04,35,3.26,3.17,NA
"874","Q2",6407,1991-07-02,1991,1.13,245,3.22,3.27,NA
"875","Q2",6420,1991-07-09,1991,1.15,118,3,3.15,NA
"876","Q2",6468,1991-07-16,1991,1.25,NA,3.18,7.02,NA
"877","Q2",6481,1991-07-23,1991,0.72,10,2.19,7.08,NA
"878","Q2",6494,1991-07-30,1991,0.8,10,2.94,6.91,NA
"879","Q2",6654,1991-08-06,1991,0.93,134,3.87,6.71,NA
"880","Q2",6768,1991-08-13,1991,0.89,10,4.15,6.94,NA
"881","Q2",6781,1991-08-20,1991,0.9,10,3.94,7.63,NA
"882","Q2",6912,1991-08-27,1991,1.34,26,3.19,6.22,NA
"883","Q2",9138,1991-08-27,1991,1.49,17,0.4,0.92,NA
"884","Q2",7123,1991-09-03,1991,2.78,128,3.88,9.01,NA
"885","Q2",7136,1991-09-10,1991,1.63,137,3.99,8.27,NA
"886","Q2",7149,1991-09-17,1991,1.23,120,3.02,5.67,NA
"887","Q2",7188,1991-09-24,1991,1.26,73,3.34,7,NA
"888","Q2",7201,1991-10-01,1991,1.22,122,2.46,5.18,NA
"889","Q2",7214,1991-10-08,1991,1.1,125,2.95,5.43,NA
"890","Q2",7227,1991-10-15,1991,1.25,124,2.69,4.94,NA
"891","Q2",7240,1991-10-22,1991,1.13,117,2.96,4.78,NA
"892","Q2",7253,1991-10-29,1991,1.05,38,2.87,4.84,NA
"893","Q2",7266,1991-11-05,1991,0.74,156,2.93,3.31,NA
"894","Q2",7290,1991-11-07,1991,1.62,199,1.47,2.38,NA
"895","Q2",7293,1991-11-08,1991,1.54,283,1.65,2.47,NA
"896","Q2",7279,1991-11-12,1991,1.43,399,3.02,5.32,NA
"897","Q2",7298,1991-11-18,1991,1.74,262,3.56,7.67,NA
"898","Q2",7322,1991-11-22,1991,1.3,152,1.46,2.43,NA
"899","Q2",7311,1991-11-26,1991,1.36,286,3.1,5.55,NA
"900","Q2",7428,1991-12-03,1991,1.03,10,2.72,4.14,NA
"901","Q2",7441,1991-12-10,1991,1.15,431,3.1,6.17,NA
"902","Q2",7454,1991-12-17,1991,1.18,320,3.17,5.8,NA
"903","Q2",7467,1991-12-23,1991,1.28,294,3.24,7.03,NA
"904","Q2",7480,1991-12-30,1991,0.91,196,3.62,5.46,NA
"905","Q2",7493,1992-01-07,1992,1.37,451,2.32,4.66,NA
"906","Q2",7506,1992-01-14,1992,1.24,374,2.92,6.33,NA
"907","Q2",8637,1992-01-21,1992,1.27,303,3.27,6.91,NA
"908","Q2",9029,1992-01-28,1992,1.35,300,3.26,7.19,NA
"909","Q2",9114,1992-02-04,1992,1.47,469,2.23,3.42,NA
"910","Q2",9141,1992-02-06,1992,1.72,207,2.35,5.4,NA
"911","Q2",9127,1992-02-11,1992,1.16,19,3.03,6.02,NA
"912","Q2",9201,1992-02-18,1992,1.24,236,3.32,7.07,NA
"913","Q2",9214,1992-02-25,1992,1.17,207,3.28,7.58,NA
"914","Q2",9227,1992-03-03,1992,0.82,10,3.24,5.31,NA
"915","Q2",9472,1992-03-10,1992,1.23,92,2.86,6.44,NA
"916","Q2",9485,1992-03-17,1992,1.43,180,3,6.2,NA
"917","Q2",9498,1992-03-24,1992,1.25,NA,3.12,6.17,NA
"918","Q2",9511,1992-04-01,1992,1.35,126,2.77,5.28,NA
"919","Q2",9524,1992-04-07,1992,1.02,68,3.34,5.63,NA
"920","Q2",9537,1992-04-14,1992,0.78,11,3.35,3.94,NA
"921","Q2",9550,1992-04-21,1992,1.05,11,3.13,6.12,NA
"922","Q2",9794,1992-04-28,1992,1.16,27,3.09,6.32,NA
"923","Q2",9909,1992-05-05,1992,1.12,353,2.12,4.2,NA
"924","Q2",10448,1992-05-12,1992,1.21,276,2.9,6.35,NA
"925","Q2",10703,1992-05-19,1992,1.36,209,2.56,6.28,NA
"926","Q2",10761,1992-05-26,1992,1.35,NA,2.42,4.98,NA
"927","Q2",10774,1992-06-02,1992,1.16,43,1.47,3.14,NA
"928","Q2",10886,1992-06-09,1992,1.43,26,3.28,6.77,NA
"929","Q2",10899,1992-06-16,1992,1.32,28,2.11,4.56,NA
"930","Q2",11120,1992-06-23,1992,1.11,37,2.39,4.56,NA
"931","Q2",11282,1992-06-30,1992,1.29,29,3.8,7.8,NA
"932","Q2",11295,1992-07-07,1992,1.23,28,3.42,7.2,NA
"933","Q2",11308,1992-07-14,1992,1.23,42,3.72,7.76,NA
"934","Q2",11321,1992-07-21,1992,1.21,142,3.43,6.86,NA
"935","Q2",11382,1992-07-28,1992,1.36,147,3.27,7.05,NA
"936","Q2",11395,1992-08-04,1992,1.24,193,3.35,7.2,NA
"937","Q2",11408,1992-08-11,1992,1.38,26,1.99,4.42,NA
"938","Q2",11421,1992-08-18,1992,1.03,170,3.46,7.32,NA
"939","Q2",11434,1992-08-25,1992,1.1,197,2.9,6.31,NA
"940","Q2",11447,1992-09-01,1992,1.39,10,4.16,8.16,NA
"941","Q2",11460,1992-09-08,1992,1.39,10,2.5,5.7,NA
"942","Q2",11473,1992-09-15,1992,1.06,10,3.15,6.47,NA
"943","Q2",11486,1992-09-22,1992,1.43,10,2.96,6.71,NA
"944","Q2",11499,1992-09-29,1992,1.44,91,2.89,5.71,NA
"945","Q2",11512,1992-10-06,1992,1.12,234,3.14,6.5,NA
"946","Q2",11525,1992-10-13,1992,1.27,8,3.31,6.92,NA
"947","Q2",11538,1992-10-20,1992,1.13,NA,3.12,6.86,NA
"948","Q2",11551,1992-10-27,1992,1.18,20,3.26,6.74,NA
"949","Q2",11564,1992-11-03,1992,1.28,33,2.79,6.02,NA
"950","Q2",11577,1992-11-10,1992,1.41,29,2.24,4.76,NA
"951","Q2",11590,1992-11-17,1992,0.42,35,1,3.38,NA
"952","Q2",11603,1992-11-24,1992,1.41,7,2.87,6.28,NA
"953","Q2",11616,1992-12-01,1992,1.42,16,2.92,5.69,NA
"954","Q2",11629,1992-12-08,1992,1.26,18,3.06,6.44,NA
"955","Q2",11642,1992-12-15,1992,1.02,326,3.07,7.22,NA
"956","Q2",11667,1992-12-22,1992,NA,NA,NA,NA,NA
"957","Q2",11655,1992-12-22,1992,1.41,NA,2.6,5.72,NA
"958","Q2",11672,1992-12-29,1992,1.3,NA,2.89,5.74,NA
"959","Q2",11685,1993-01-05,1993,1.44,NA,3.72,7.41,NA
"960","Q2",11698,1993-01-12,1993,1.17,NA,2.92,6.13,NA
"961","Q2",11711,1993-01-19,1993,1.13,NA,3.13,6.47,NA
"962","Q2",11724,1993-01-26,1993,1.21,NA,2.99,5.74,NA
"963","Q2",11737,1993-02-02,1993,1.17,NA,2.91,6.24,NA
"964","Q2",11750,1993-02-09,1993,1.12,NA,3.07,5.91,NA
"965","Q2",11763,1993-02-16,1993,1.51,NA,3.67,8.09,NA
"966","Q2",11776,1993-02-23,1993,1.47,NA,3.09,6.27,NA
"967","Q2",11789,1993-03-02,1993,1.21,135,3.13,6.15,NA
"968","Q2",11802,1993-03-09,1993,0.94,220,3.11,6.36,NA
"969","Q2",11815,1993-03-16,1993,1,183,2.82,5.29,NA
"970","Q2",11901,1993-03-23,1993,2.36,NA,3.14,5.93,NA
"971","Q2",11914,1993-03-30,1993,1.53,NA,4.6,10,NA
"972","Q2",11927,1993-04-06,1993,1.28,44,3.5,7.7,NA
"973","Q2",11940,1993-04-13,1993,1.23,93,3.56,7.47,NA
"974","Q2",11953,1993-04-20,1993,1.29,67,3.02,6.54,NA
"975","Q2",11966,1993-04-27,1993,0.97,36,3.27,3.08,NA
"976","Q2",12009,1993-05-04,1993,1.14,365,2.17,4.76,NA
"977","Q2",12022,1993-05-11,1993,1.39,12,2.33,4.33,NA
"978","Q2",12035,1993-05-18,1993,1.28,NA,2.5,5.1,NA
"979","Q2",12048,1993-05-25,1993,1.6,12,2.45,5.66,NA
"980","Q2",12061,1993-06-01,1993,1.21,44,2.82,6.01,NA
"981","Q2",12202,1993-06-08,1993,1.73,89,3.73,8.04,NA
"982","Q2",12215,1993-06-15,1993,1.28,38,2.8,5.77,NA
"983","Q2",12115,1993-06-15,1993,NA,NA,NA,NA,NA
"984","Q2",12228,1993-06-22,1993,2.31,186,3.71,7.65,NA
"985","Q2",12241,1993-06-29,1993,1.27,14,3.23,6.32,NA
"986","Q2",12254,1993-07-06,1993,1.15,187,3.08,6.66,NA
"987","Q2",12267,1993-07-13,1993,1.34,NA,2.78,5.91,NA
"988","Q2",12280,1993-07-20,1993,2.29,NA,5.05,11.08,NA
"989","Q2",12293,1993-07-27,1993,1.29,NA,1.52,6.31,NA
"990","Q2",12306,1993-08-03,1993,1.18,NA,3.18,6.67,NA
"991","Q2",12319,1993-08-10,1993,1.3,52,3.12,6.83,NA
"992","Q2",12332,1993-08-17,1993,1.34,6,3.24,7.03,NA
"993","Q2",12345,1993-08-24,1993,1.62,NA,3.99,8.37,NA
"994","Q2",12358,1993-08-31,1993,1.33,7,2.69,5.94,NA
"995","Q2",12371,1993-09-07,1993,1.02,29,3.03,6.71,NA
"996","Q2",12384,1993-09-14,1993,1.39,163,1.65,5.63,NA
"997","Q2",12397,1993-09-21,1993,1.21,248,2.98,6.72,NA
"998","Q2",12410,1993-09-28,1993,1.05,18,2.49,5.58,NA
"999","Q2",12423,1993-10-05,1993,1.16,14,2.97,6.44,NA
"1000","Q2",12436,1993-10-13,1993,1.55,8,2.86,6.31,NA
"1001","Q2",12449,1993-10-19,1993,1.28,9,3.02,6.32,NA
"1002","Q2",12462,1993-10-26,1993,1.78,17,3.46,7.61,NA
"1003","Q2",12475,1993-11-02,1993,1.25,10,3.27,6.58,NA
"1004","Q2",12622,1993-11-09,1993,1.3,11,2.98,6.54,NA
"1005","Q2",13063,1993-11-16,1993,1.57,185,2.76,5.92,NA
"1006","Q2",13290,1993-11-23,1993,1.63,47,4.11,8.5,NA
"1007","Q2",13346,1993-11-30,1993,1.18,18,2.47,5.44,NA
"1008","Q2",13484,1993-12-07,1993,1.14,54,1.66,6.03,NA
"1009","Q2",13647,1993-12-14,1993,1.34,20,2.97,6.56,NA
"1010","Q2",13660,1993-12-21,1993,1.45,16,2.8,5.95,NA
"1011","Q2",13705,1993-12-28,1993,1.81,NA,3.82,7.83,NA
"1012","Q2",13731,1994-01-04,1994,1.25,NA,1.56,5.86,NA
"1013","Q2",13718,1994-01-11,1994,1.23,NA,1.39,5.25,NA
"1014","Q2",13744,1994-01-18,1994,1.39,NA,2.94,5.78,NA
"1015","Q2",13757,1994-01-25,1994,1.27,NA,3.13,6.2,NA
"1016","Q2",13770,1994-02-01,1994,1.28,NA,2.74,5.47,NA
"1017","Q2",13783,1994-02-08,1994,1.54,9,2.86,5.39,NA
"1018","Q2",13902,1994-02-15,1994,1.12,NA,3.01,6.24,NA
"1019","Q2",13915,1994-02-22,1994,1.59,NA,2.22,5.36,NA
"1020","Q2",13928,1994-03-01,1994,1.46,10,2.38,5.48,NA
"1021","Q2",13941,1994-03-08,1994,1.27,18,3.08,6.69,NA
"1022","Q2",13954,1994-03-15,1994,1.26,NA,3.1,6.64,NA
"1023","Q2",13967,1994-03-22,1994,1.31,NA,3.19,7.38,NA
"1024","Q2",13980,1994-03-29,1994,1.34,NA,3.27,7.26,NA
"1025","Q2",13993,1994-04-05,1994,1.3,NA,3.28,7.3,NA
"1026","Q2",14006,1994-04-12,1994,1.19,28,3.05,6.59,NA
"1027","Q2",14019,1994-04-19,1994,1.38,94,3,6.59,NA
"1028","Q2",14032,1994-04-26,1994,1.21,14,3.22,6.98,NA
"1029","Q2",14045,1994-05-03,1994,1.06,11,3.16,7.14,NA
"1030","Q2",14058,1994-05-10,1994,1.4,18,2.67,5.81,NA
"1031","Q2",14103,1994-05-17,1994,1.27,16,2.67,5.88,NA
"1032","Q2",14116,1994-05-24,1994,1.27,18,3.07,6.77,NA
"1033","Q2",14273,1994-05-31,1994,1.8,25,4.43,8.93,NA
"1034","Q2",14683,1994-06-07,1994,1.51,17,3.43,7.46,NA
"1035","Q2",14871,1994-06-14,1994,NA,NA,NA,NA,NA
"1036","Q2",15035,1994-06-21,1994,1.62,59,3.28,6.7,NA
"1037","Q2",15048,1994-06-28,1994,1.29,6,3.02,6.05,NA
"1038","Q2",15106,1994-06-30,1994,1.39,38,2.33,4.94,NA
"1039","Q2",15091,1994-07-05,1994,1.29,68,2.91,6.26,NA
"1040","Q2",15192,1994-07-12,1994,NA,NA,NA,NA,NA
"1041","Q2",15205,1994-07-19,1994,1.52,470,2.48,4.97,NA
"1042","Q2",15218,1994-07-26,1994,NA,NA,NA,NA,NA
"1043","Q2",15231,1994-08-02,1994,0.27,NA,1.63,2.4,NA
"1044","Q2",15244,1994-08-09,1994,1.22,NA,2.53,5.77,NA
"1045","Q2",15282,1994-08-16,1994,NA,NA,NA,NA,NA
"1046","Q2",15295,1994-08-23,1994,NA,NA,NA,NA,NA
"1047","Q2",15308,1994-08-30,1994,NA,NA,NA,NA,NA
"1048","Q2",15321,1994-09-06,1994,NA,NA,NA,NA,NA
"1049","Q2",15334,1994-09-13,1994,NA,NA,NA,NA,NA
"1050","Q2",15347,1994-09-20,1994,1.36,NA,1.64,3.57,NA
"1051","Q2",15360,1994-09-27,1994,NA,NA,NA,NA,NA
"1052","Q2",15373,1994-10-04,1994,NA,NA,NA,NA,NA
"1053","Q2",15386,1994-10-11,1994,NA,NA,NA,NA,NA
"1054","Q2",15399,1994-10-18,1994,NA,NA,NA,NA,NA
"1055","Q2",15412,1994-10-25,1994,1.28,NA,2.31,5.08,NA
"1056","Q2",15425,1994-11-01,1994,NA,NA,NA,NA,NA
"1057","Q2",15438,1994-11-08,1994,1.38,NA,1.82,3.64,NA
"1058","Q2",15451,1994-11-15,1994,1.13,NA,2.17,4.57,NA
"1059","Q2",15464,1994-11-22,1994,1.06,NA,2.2,4.76,NA
"1060","Q2",15477,1994-11-29,1994,1.21,NA,2.33,4.81,NA
"1061","Q2",15490,1994-12-06,1994,1.17,NA,2.44,5.21,NA
"1062","Q2",15708,1994-12-13,1994,1.14,NA,2.62,5.79,NA
"1063","Q2",15721,1994-12-20,1994,1.79,NA,3.62,7.97,NA
"1064","Q2",15734,1994-12-27,1994,1.15,NA,2.71,5.71,NA
"1065","Q2",15747,1995-01-03,1995,0.92,NA,2.64,5.53,NA
"1066","Q2",15760,1995-01-10,1995,NA,NA,NA,NA,NA
"1067","Q2",15773,1995-01-17,1995,0.91,NA,2.78,5.72,NA
"1068","Q2",15786,1995-01-24,1995,1.09,NA,3.16,6.41,NA
"1069","Q2",15799,1995-01-31,1995,1.68,NA,3.83,8.31,NA
"1070","Q2",15812,1995-02-07,1995,1.14,NA,3.02,6.67,NA
"1071","Q2",15825,1995-02-14,1995,1.16,NA,3.17,7.06,NA
"1072","Q2",15838,1995-02-21,1995,1.13,NA,3.1,6.57,NA
"1073","Q2",15851,1995-02-28,1995,1.22,NA,1.88,4.13,NA
"1074","Q2",15864,1995-03-07,1995,1.11,NA,2.69,5.92,NA
"1075","Q2",15877,1995-03-14,1995,NA,NA,NA,NA,NA
"1076","Q2",15890,1995-03-21,1995,1.24,NA,3.08,6.5,NA
"1077","Q2",15903,1995-03-28,1995,1.08,NA,3,6.45,NA
"1078","Q2",15916,1995-04-04,1995,1.12,NA,3.13,6.68,NA
"1079","Q2",15929,1995-04-11,1995,1.03,NA,3.11,6.7,NA
"1080","Q2",15942,1995-04-18,1995,1.06,NA,3.04,6.38,NA
"1081","Q2",15969,1995-04-25,1995,NA,NA,NA,NA,NA
"1082","Q2",15982,1995-05-02,1995,NA,NA,NA,NA,NA
"1083","Q2",15995,1995-05-09,1995,NA,NA,NA,NA,NA
"1084","Q2",16008,1995-05-16,1995,1.49,NA,2.54,5.39,NA
"1085","Q2",16021,1995-05-23,1995,1.18,NA,2.92,5.92,NA
"1086","Q2",16034,1995-05-30,1995,NA,NA,NA,NA,NA
"1087","Q2",16246,1995-06-06,1995,NA,NA,NA,NA,NA
"1088","Q2",16259,1995-06-13,1995,NA,NA,NA,NA,NA
"1089","Q2",16272,1995-06-20,1995,1.01,NA,2.79,5.98,NA
"1090","Q2",16285,1995-06-27,1995,0.92,NA,2.92,6.17,NA
"1091","Q2",16341,1995-07-05,1995,1.07,NA,3.06,6.54,NA
"1092","Q2",16354,1995-07-11,1995,0.98,NA,2.99,6.54,NA
"1093","Q2",16367,1995-07-18,1995,NA,NA,NA,NA,NA
"1094","Q2",16380,1995-07-26,1995,1.13,NA,2.88,6.22,NA
"1095","Q2",16393,1995-08-01,1995,NA,NA,NA,NA,NA
"1096","Q2",16406,1995-08-08,1995,NA,NA,NA,NA,NA
"1097","Q2",16419,1995-08-15,1995,NA,NA,NA,NA,NA
"1098","Q2",16432,1995-08-22,1995,NA,NA,NA,NA,NA
"1099","Q2",16445,1995-08-29,1995,NA,NA,NA,NA,NA
"1100","Q2",16458,1995-09-12,1995,NA,NA,NA,NA,NA
"1101","Q2",16471,1995-09-19,1995,NA,NA,NA,NA,NA
"1102","Q2",16484,1995-09-26,1995,NA,NA,NA,NA,NA
"1103","Q2",16497,1995-10-03,1995,NA,NA,NA,NA,NA
"1104","Q2",16510,1995-10-10,1995,NA,NA,NA,NA,NA
"1105","Q2",16523,1995-10-17,1995,NA,NA,NA,NA,NA
"1106","Q2",16536,1995-10-24,1995,NA,NA,NA,NA,NA
"1107","Q2",16549,1995-10-31,1995,NA,NA,NA,NA,NA
"1108","Q2",16562,1995-11-07,1995,NA,NA,NA,NA,NA
"1109","Q2",16575,1995-11-14,1995,NA,NA,NA,NA,NA
"1110","Q2",16588,1995-11-21,1995,NA,NA,NA,NA,NA
"1111","Q2",16601,1995-11-28,1995,NA,NA,NA,NA,NA
"1112","Q2",16614,1995-12-05,1995,NA,NA,NA,NA,NA
"1113","Q2",16627,1995-12-12,1995,NA,NA,NA,NA,NA
"1114","Q2",16640,1995-12-19,1995,1.22,NA,2.33,5.21,NA
"1115","Q2",16653,1995-12-26,1995,1.04,NA,3.17,7.05,NA
"1116","Q3",1193,1989-01-03,1989,0.75,165,2.87,4,NA
"1117","Q3",1207,1989-01-10,1989,0.8,276,2.24,3.45,NA
"1118","Q3",1216,1989-01-17,1989,0.78,10,2.72,3.83,NA
"1119","Q3",1223,1989-01-24,1989,0.85,196,2.86,4.04,NA
"1120","Q3",1252,1989-01-31,1989,0.82,219,2.89,3.94,NA
"1121","Q3",1289,1989-02-07,1989,0.85,218,2.82,3.99,NA
"1122","Q3",1313,1989-02-14,1989,0.74,227,3,3.85,NA
"1123","Q3",1328,1989-02-21,1989,0.72,161,2.75,3.67,NA
"1124","Q3",1349,1989-02-28,1989,0.72,146,2.64,3.44,NA
"1125","Q3",1373,1989-03-07,1989,0.72,180,2.94,3.9,NA
"1126","Q3",1379,1989-03-09,1989,NA,NA,NA,NA,NA
"1127","Q3",1393,1989-03-14,1989,0.72,116,2.61,3.55,NA
"1128","Q3",1400,1989-03-21,1989,0.7,173,2.84,3.41,NA
"1129","Q3",1407,1989-03-28,1989,0.66,182,2.84,3.42,NA
"1130","Q3",1446,1989-04-04,1989,0.69,173,2.69,3.77,NA
"1131","Q3",1462,1989-04-11,1989,0.69,146,2.4,3.62,NA
"1132","Q3",1470,1989-04-18,1989,0.67,147,2.74,4.24,NA
"1133","Q3",1500,1989-04-25,1989,0.78,186,2.83,4.31,NA
"1134","Q3",1507,1989-05-02,1989,0.78,171,2.95,4.46,NA
"1135","Q3",1514,1989-05-09,1989,0.8,143,2.42,3.76,NA
"1136","Q3",1522,1989-05-16,1989,0.84,161,2.91,4.14,NA
"1137","Q3",1538,1989-05-23,1989,0.7,190,3.04,4.27,NA
"1138","Q3",1566,1989-05-30,1989,0.79,163,2.96,4.09,NA
"1139","Q3",1581,1989-06-06,1989,0.77,132,3.07,4.02,NA
"1140","Q3",1602,1989-06-13,1989,0.62,144,2.95,4.41,NA
"1141","Q3",1652,1989-06-20,1989,0.71,17,2.97,4.12,NA
"1142","Q3",1685,1989-06-27,1989,0.71,32,3.29,3.73,NA
"1143","Q3",1696,1989-07-05,1989,0.75,10,1.59,1.31,NA
"1144","Q3",1987,1989-07-11,1989,0.86,132,2.83,3.89,NA
"1145","Q3",2033,1989-07-18,1989,0.85,10,2.56,3.94,NA
"1146","Q3",2062,1989-07-26,1989,0.81,41,2.73,3.8,NA
"1147","Q3",2116,1989-08-01,1989,0.84,159,2.74,3.74,NA
"1148","Q3",2125,1989-08-08,1989,0.95,268,3.26,4.2,NA
"1149","Q3",2136,1989-08-15,1989,0.82,207,3.06,3.92,NA
"1150","Q3",2147,1989-08-22,1989,0.65,142,1.58,2.31,NA
"1151","Q3",2159,1989-08-29,1989,NA,233,0.1,3.38,NA
"1152","Q3",2195,1989-09-05,1989,0.75,103,2.89,4.07,NA
"1153","Q3",2206,1989-09-12,1989,0.78,94,2.92,3.79,NA
"1154","Q3",2322,1989-09-20,1989,NA,NA,NA,NA,NA
"1155","Q3",2226,1989-09-22,1989,0.89,NA,2.63,3.34,NA
"1156","Q3",2219,1989-09-26,1989,1.15,NA,2.86,3.72,NA
"1157","Q3",2217,1989-09-26,1989,1.14,NA,2.54,1.5,NA
"1158","Q3",2230,1989-10-03,1989,1.02,52,3.04,3.89,NA
"1159","Q3",2240,1989-10-05,1989,1,NA,NA,NA,NA
"1160","Q3",2244,1989-10-10,1989,0.93,NA,3.03,3.95,NA
"1161","Q3",2255,1989-10-17,1989,1.32,173,3.38,4.34,NA
"1162","Q3",2265,1989-10-24,1989,1.33,404,3.37,4.4,NA
"1163","Q3",2299,1989-10-31,1989,1.48,582,4.17,4.61,NA
"1164","Q3",2309,1989-11-07,1989,1.81,657,3.71,4.33,NA
"1165","Q3",2319,1989-11-08,1989,3.44,905,3.67,3.33,NA
"1166","Q3",2326,1989-11-14,1989,1.58,444,3.47,1.74,NA
"1167","Q3",2353,1989-11-21,1989,1.45,340,3.34,3.97,NA
"1168","Q3",2368,1989-11-28,1989,1.15,328,3.47,4.89,NA
"1169","Q3",2379,1989-12-05,1989,1,315,3.41,5.01,NA
"1170","Q3",2390,1989-12-12,1989,1.01,10,3.57,5.15,NA
"1171","Q3",2418,1989-12-19,1989,0.99,303,3.55,5.27,NA
"1172","Q3",2429,1989-12-26,1989,0.98,361,3.5,5.24,NA
"1173","Q3",2440,1990-01-02,1990,2.46,NA,3.8,5.11,NA
"1174","Q3",2451,1990-01-09,1990,1.2,304,3.61,5.2,NA
"1175","Q3",2481,1990-01-16,1990,1.31,36,3.64,5.33,NA
"1176","Q3",2491,1990-01-23,1990,1.32,92,3.55,5.09,NA
"1177","Q3",2505,1990-01-30,1990,1.34,34,3.57,5.27,NA
"1178","Q3",2537,1990-02-06,1990,1.19,395,3.42,5.16,NA
"1179","Q3",2548,1990-02-13,1990,1.44,530,3.72,5.13,NA
"1180","Q3",2562,1990-02-20,1990,1.5,395,3.58,5.02,NA
"1181","Q3",2600,1990-02-27,1990,1.36,313,3.6,5.04,NA
"1182","Q3",2611,1990-03-06,1990,1.26,318,3.7,5.27,NA
"1183","Q3",2622,1990-03-13,1990,1.99,56,2.36,3.36,NA
"1184","Q3",2657,1990-03-20,1990,1.49,751,3.35,4.64,NA
"1185","Q3",2668,1990-03-27,1990,1.5,644,3.08,4.4,NA
"1186","Q3",2736,1990-04-03,1990,1.23,NA,3.55,4.94,NA
"1187","Q3",2937,1990-04-10,1990,1.15,225,3.63,5.11,NA
"1188","Q3",2991,1990-04-17,1990,1.17,148,3.62,5.13,NA
"1189","Q3",3002,1990-04-24,1990,1.18,10,3.62,5.19,NA
"1190","Q3",3021,1990-04-25,1990,1.72,136,0.45,0.6,NA
"1191","Q3",3011,1990-04-25,1990,1.56,970,0.7,0.88,NA
"1192","Q3",3024,1990-04-25,1990,1.46,691,0.57,0.71,NA
"1193","Q3",3018,1990-04-26,1990,1.45,352,2.4,3.08,NA
"1194","Q3",3033,1990-05-01,1990,1.12,262,3.35,4.57,NA
"1195","Q3",3211,1990-05-08,1990,1.25,10,3.48,4.86,NA
"1196","Q3",3221,1990-05-10,1990,1.59,780,2.02,2.84,NA
"1197","Q3",3224,1990-05-15,1990,1.34,373,3.28,4.58,NA
"1198","Q3",3238,1990-05-22,1990,1.28,275,3.53,4.8,NA
"1199","Q3",3345,1990-05-29,1990,1.37,348,3.24,4.35,NA
"1200","Q3",3452,1990-06-05,1990,1.26,188,3.66,4.81,NA
"1201","Q3",3466,1990-06-12,1990,1.27,154,3.65,4.76,NA
"1202","Q3",3477,1990-06-19,1990,1.26,337,3.44,4.53,NA
"1203","Q3",3488,1990-06-26,1990,1.26,379,2.76,3.81,NA
"1204","Q3",3499,1990-07-03,1990,1.16,236,3.72,5.09,NA
"1205","Q3",3510,1990-07-10,1990,1.14,261,3.69,5.04,NA
"1206","Q3",3524,1990-07-17,1990,1.05,97,3.69,5.3,NA
"1207","Q3",3535,1990-07-24,1990,1.23,NA,1.97,2.88,NA
"1208","Q3",3546,1990-07-31,1990,1.04,142,3.73,5.31,NA
"1209","Q3",3557,1990-08-07,1990,1,211,4.05,5.8,NA
"1210","Q3",3665,1990-08-14,1990,1.1,424,2.88,8.74,NA
"1211","Q3",3676,1990-08-21,1990,1.04,215,3.55,5.06,NA
"1212","Q3",3687,1990-08-28,1990,1.01,139,3.51,5.24,NA
"1213","Q3",3698,1990-09-04,1990,0.99,10,3.66,5.44,NA
"1214","Q3",3709,1990-09-11,1990,0.97,11,3.54,5.3,NA
"1215","Q3",3720,1990-09-18,1990,0.97,83,3.52,5.19,NA
"1216","Q3",3991,1990-09-25,1990,0.93,105,3.49,5.31,NA
"1217","Q3",4011,1990-10-02,1990,0.94,168,2.87,4.26,NA
"1218","Q3",4083,1990-10-09,1990,1.04,93,3.35,4.82,NA
"1219","Q3",4094,1990-10-16,1990,0.92,108,5.21,10.38,NA
"1220","Q3",4170,1990-10-23,1990,0.94,181,2.91,4.26,NA
"1221","Q3",4310,1990-10-30,1990,0.95,104,1.7,4.24,NA
"1222","Q3",4321,1990-11-06,1990,0.96,178,2.7,3.9,NA
"1223","Q3",4332,1990-11-13,1990,0.91,163,3.39,4.6,NA
"1224","Q3",4367,1990-11-20,1990,0.86,171,3.54,4.82,NA
"1225","Q3",4393,1990-11-27,1990,0.84,234,3.19,4.61,NA
"1226","Q3",4413,1990-12-04,1990,1.04,NA,1.76,2.58,NA
"1227","Q3",4404,1990-12-04,1990,0.88,164,1.59,6.81,NA
"1228","Q3",4418,1990-12-11,1990,0.82,114,3.5,5.07,NA
"1229","Q3",4497,1990-12-14,1990,1.76,258,1.72,2.76,NA
"1230","Q3",4488,1990-12-18,1990,0.73,322,3.45,4.86,NA
"1231","Q3",4565,1990-12-25,1990,0.92,189,3.5,5.01,NA
"1232","Q3",4577,1990-12-31,1990,1.12,192,2.32,3.27,NA
"1233","Q3",4589,1991-01-08,1991,1.04,168,3.24,4.65,NA
"1234","Q3",4771,1991-01-15,1991,0.73,NA,3.22,4.47,NA
"1235","Q3",4759,1991-01-22,1991,0.77,111,3.51,4.74,NA
"1236","Q3",4786,1991-01-29,1991,0.79,NA,3.38,7.41,NA
"1237","Q3",4797,1991-02-05,1991,0.78,11,2.96,4.53,NA
"1238","Q3",4809,1991-02-12,1991,0.9,137,8.7,5.43,NA
"1239","Q3",4821,1991-02-19,1991,0.86,306,2.57,4.07,NA
"1240","Q3",4833,1991-02-26,1991,0.83,174,3.38,4.49,NA
"1241","Q3",4845,1991-03-05,1991,0.7,168,3.34,4.82,NA
"1242","Q3",4857,1991-03-12,1991,0.74,173,3.28,5,NA
"1243","Q3",4869,1991-03-19,1991,0.76,229,3.19,4.69,NA
"1244","Q3",4935,1991-03-22,1991,NA,NA,NA,NA,NA
"1245","Q3",4881,1991-03-26,1991,0.7,152,3.46,5.13,NA
"1246","Q3",4943,1991-04-02,1991,0.76,80,3.5,5.06,NA
"1247","Q3",4977,1991-04-09,1991,0.71,23,3.19,4.77,NA
"1248","Q3",5050,1991-04-15,1991,0.94,21,3.11,4.42,NA
"1249","Q3",5123,1991-04-23,1991,0.94,44,3.11,4.57,NA
"1250","Q3",5203,1991-04-30,1991,0.9,92,1.97,2.88,NA
"1251","Q3",5435,1991-05-07,1991,0.85,16,3.72,3.7,NA
"1252","Q3",5550,1991-05-14,1991,0.85,NA,3.44,3.68,NA
"1253","Q3",6074,1991-05-21,1991,0.94,45,3.61,5.1,NA
"1254","Q3",6117,1991-05-28,1991,0.86,78,3.08,5.68,NA
"1255","Q3",6319,1991-05-31,1991,0.9,NA,3.41,3.64,NA
"1256","Q3",6169,1991-06-01,1991,NA,NA,NA,NA,NA
"1257","Q3",6159,1991-06-04,1991,0.92,13,3.46,3.7,NA
"1258","Q3",6272,1991-06-11,1991,0.87,105,3.39,5,NA
"1259","Q3",6308,1991-06-18,1991,0.9,149,3.51,4.89,NA
"1260","Q3",6395,1991-06-25,1991,0.9,6,3.46,3.62,NA
"1261","Q3",6408,1991-07-02,1991,0.9,184,3.33,3.61,NA
"1262","Q3",6421,1991-07-09,1991,0.79,118,3.16,3.52,NA
"1263","Q3",6469,1991-07-16,1991,1.31,NA,3.5,5.04,NA
"1264","Q3",6482,1991-07-23,1991,0.72,158,3.14,5.06,NA
"1265","Q3",6495,1991-07-30,1991,0.66,10,3.27,5,NA
"1266","Q3",6655,1991-08-06,1991,0.77,314,4.01,4.1,NA
"1267","Q3",6769,1991-08-13,1991,0.78,10,4.44,5.19,NA
"1268","Q3",6782,1991-08-20,1991,NA,13,4.3,5.86,NA
"1269","Q3",6913,1991-08-27,1991,0.97,26,3.38,5.05,NA
"1270","Q3",9139,1991-08-27,1991,2.49,50,1.12,1.63,NA
"1271","Q3",7124,1991-09-03,1991,0.92,232,3.38,4.65,NA
"1272","Q3",7137,1991-09-10,1991,0.66,93,2.55,4.1,NA
"1273","Q3",7150,1991-09-17,1991,0.85,165,3.1,4.76,NA
"1274","Q3",7189,1991-09-24,1991,0.72,119,4.42,6.01,NA
"1275","Q3",7202,1991-10-01,1991,0.92,97,2.95,4.51,NA
"1276","Q3",7215,1991-10-08,1991,0.92,167,3.49,4.84,NA
"1277","Q3",7228,1991-10-15,1991,1,186,3.8,5.34,NA
"1278","Q3",7241,1991-10-22,1991,0.82,166,3.22,3.82,NA
"1279","Q3",7254,1991-10-29,1991,0.42,61,4.88,5.71,NA
"1280","Q3",7267,1991-11-05,1991,0.71,163,1.81,5.8,NA
"1281","Q3",7291,1991-11-07,1991,1.05,96,1.55,2.08,NA
"1282","Q3",7294,1991-11-08,1991,1.12,143,1.81,2.09,NA
"1283","Q3",7280,1991-11-12,1991,1.25,271,3.23,3.99,NA
"1284","Q3",7299,1991-11-18,1991,0.88,208,3.31,4.68,NA
"1285","Q3",7323,1991-11-22,1991,0.89,98,1.64,1.96,NA
"1286","Q3",7312,1991-11-26,1991,0.88,197,3.05,3.72,NA
"1287","Q3",7429,1991-12-03,1991,0.94,25,2.83,3.43,NA
"1288","Q3",7442,1991-12-10,1991,0.8,242,3,3.96,NA
"1289","Q3",7455,1991-12-17,1991,0.9,264,3.13,3.66,NA
"1290","Q3",7468,1991-12-23,1991,0.75,237,3.12,4.77,NA
"1291","Q3",7481,1991-12-30,1991,1.11,254,3.35,7.58,NA
"1292","Q3",7494,1992-01-07,1992,1.04,279,2.91,4.31,NA
"1293","Q3",7507,1992-01-14,1992,0.92,235,3.1,4.52,NA
"1294","Q3",8638,1992-01-21,1992,0.89,218,3.37,5.02,NA
"1295","Q3",9030,1992-01-28,1992,0.9,219,3.43,5.4,NA
"1296","Q3",9115,1992-02-04,1992,1,94,2.3,2.41,NA
"1297","Q3",9142,1992-02-06,1992,1.31,156,2.17,3.36,NA
"1298","Q3",9128,1992-02-11,1992,0.94,17,3.18,4.81,NA
"1299","Q3",9202,1992-02-18,1992,1.19,144,4.36,6.59,NA
"1300","Q3",9215,1992-02-25,1992,0.87,333,3.71,6.37,NA
"1301","Q3",9228,1992-03-03,1992,0.89,196,3.85,6.62,NA
"1302","Q3",9473,1992-03-10,1992,0.98,162,3.33,4.01,NA
"1303","Q3",9486,1992-03-17,1992,1.7,183,3.87,7.11,NA
"1304","Q3",9499,1992-03-24,1992,1.81,NA,3.73,7.03,NA
"1305","Q3",9512,1992-04-01,1992,1.04,102,3.16,6.09,NA
"1306","Q3",9525,1992-04-07,1992,1.31,10,3.13,6.27,NA
"1307","Q3",9538,1992-04-14,1992,0.63,14,2.14,8.08,NA
"1308","Q3",9551,1992-04-21,1992,0.85,19,3.24,4.31,NA
"1309","Q3",9795,1992-04-28,1992,0.96,28,3.36,5.81,NA
"1310","Q3",9910,1992-05-05,1992,1.41,168,3.1,4.29,NA
"1311","Q3",10449,1992-05-12,1992,0.89,168,3.6,5.04,NA
"1312","Q3",10704,1992-05-19,1992,0.8,131,3.84,5.54,NA
"1313","Q3",10762,1992-05-26,1992,0.79,NA,2.23,3.25,NA
"1314","Q3",10775,1992-06-02,1992,1.09,53,1.28,2.16,NA
"1315","Q3",10887,1992-06-09,1992,0.88,10,3.25,4.86,NA
"1316","Q3",10900,1992-06-16,1992,0.77,333,1.75,2.5,NA
"1317","Q3",11121,1992-06-23,1992,0.83,29,2.16,3.04,NA
"1318","Q3",11283,1992-06-30,1992,0.96,32,3.5,5.14,NA
"1319","Q3",11296,1992-07-07,1992,1,29,3.48,5.44,NA
"1320","Q3",11309,1992-07-14,1992,0.82,43,3.26,4.52,NA
"1321","Q3",11322,1992-07-21,1992,0.99,48,3.5,4.97,NA
"1322","Q3",11383,1992-07-28,1992,0.83,90,3.34,4.97,NA
"1323","Q3",11396,1992-08-04,1992,1.06,26,3.42,4.92,NA
"1324","Q3",11409,1992-08-11,1992,0.85,26,1.9,2.87,NA
"1325","Q3",11422,1992-08-18,1992,0.83,99,3.54,5.15,NA
"1326","Q3",11435,1992-08-25,1992,2.93,11,3.43,4.16,NA
"1327","Q3",11448,1992-09-01,1992,0.76,10,0.61,2.46,NA
"1328","Q3",11461,1992-09-08,1992,1.1,10,3.83,5.73,NA
"1329","Q3",11474,1992-09-15,1992,0.84,38,3.62,5.67,NA
"1330","Q3",11487,1992-09-22,1992,0.84,122,2.92,4.07,NA
"1331","Q3",11500,1992-09-29,1992,0.9,105,3,4.32,NA
"1332","Q3",11513,1992-10-06,1992,0.81,142,3.39,4.39,NA
"1333","Q3",11526,1992-10-13,1992,1.09,46,4.48,6.66,NA
"1334","Q3",11539,1992-10-20,1992,0.84,7,3.63,5,NA
"1335","Q3",11552,1992-10-27,1992,0.86,27,3.48,5.22,NA
"1336","Q3",11565,1992-11-03,1992,0.91,116,3.25,4.79,NA
"1337","Q3",11578,1992-11-10,1992,0.85,85,2.22,3.02,NA
"1338","Q3",11591,1992-11-17,1992,1.61,14,2.91,4.14,NA
"1339","Q3",11604,1992-11-24,1992,0.85,10,3.06,4.14,NA
"1340","Q3",11617,1992-12-01,1992,0.87,13,2.66,3.58,NA
"1341","Q3",11630,1992-12-08,1992,2.08,23,7.51,9.78,NA
"1342","Q3",11643,1992-12-15,1992,0.86,21,2.99,4.07,NA
"1343","Q3",11668,1992-12-22,1992,NA,NA,NA,NA,NA
"1344","Q3",11656,1992-12-22,1992,0.87,NA,1.84,3.24,NA
"1345","Q3",11673,1992-12-29,1992,0.98,NA,2.78,4,NA
"1346","Q3",11686,1993-01-05,1993,0.79,NA,2.96,4.11,NA
"1347","Q3",11699,1993-01-12,1993,0.76,NA,3.02,3.59,NA
"1348","Q3",11712,1993-01-19,1993,0.73,NA,3.03,4,NA
"1349","Q3",11725,1993-01-26,1993,0.89,NA,2.93,3.55,NA
"1350","Q3",11738,1993-02-02,1993,0.79,NA,3.17,4.06,NA
"1351","Q3",11751,1993-02-09,1993,1.06,NA,3.37,4.08,NA
"1352","Q3",11764,1993-02-16,1993,0.56,NA,2.12,3.69,NA
"1353","Q3",11777,1993-02-23,1993,0.84,NA,3.35,4.39,NA
"1354","Q3",11790,1993-03-02,1993,0.89,207,3.24,4.87,NA
"1355","Q3",11803,1993-03-09,1993,0.66,13,3.49,4.71,NA
"1356","Q3",11816,1993-03-16,1993,0.87,210,3.48,4.88,NA
"1357","Q3",11902,1993-03-23,1993,0.93,63,3.05,3.92,NA
"1358","Q3",11915,1993-03-30,1993,0.78,116,3.42,4.61,NA
"1359","Q3",11928,1993-04-06,1993,0.82,168,3.79,5.55,NA
"1360","Q3",11941,1993-04-13,1993,0.94,162,3.69,5.39,NA
"1361","Q3",11954,1993-04-20,1993,0.97,156,3.28,4.77,NA
"1362","Q3",11967,1993-04-27,1993,0.65,145,5.21,2.16,NA
"1363","Q3",12010,1993-05-04,1993,0.69,NA,2.73,3.83,NA
"1364","Q3",12023,1993-05-11,1993,0.94,NA,2.75,3.62,NA
"1365","Q3",12036,1993-05-18,1993,1.25,NA,2.81,3.73,NA
"1366","Q3",12049,1993-05-25,1993,0.73,NA,2.62,3.83,NA
"1367","Q3",12062,1993-06-01,1993,0.73,16,3.03,4.41,NA
"1368","Q3",12203,1993-06-08,1993,NA,NA,NA,NA,NA
"1369","Q3",12216,1993-06-15,1993,0.69,8,3.36,4.72,NA
"1370","Q3",12116,1993-06-15,1993,NA,NA,NA,NA,NA
"1371","Q3",12229,1993-06-22,1993,0.68,36,2.23,3.47,NA
"1372","Q3",12242,1993-06-29,1993,1.13,NA,4.64,6.12,NA
"1373","Q3",12255,1993-07-06,1993,0.69,176,3.07,4.63,NA
"1374","Q3",12268,1993-07-13,1993,0.68,NA,2.97,4.34,NA
"1375","Q3",12281,1993-07-20,1993,0.86,NA,1.66,4.35,NA
"1376","Q3",12294,1993-07-27,1993,0.85,NA,1.49,4.05,NA
"1377","Q3",12307,1993-08-03,1993,0.84,21,3.25,4.91,NA
"1378","Q3",12320,1993-08-10,1993,0.86,86,3.35,4.87,NA
"1379","Q3",12333,1993-08-17,1993,1.11,80,4.54,6.38,NA
"1380","Q3",12346,1993-08-24,1993,0.87,324,3.45,4.84,NA
"1381","Q3",12359,1993-08-31,1993,0.76,18,2.6,4.01,NA
"1382","Q3",12372,1993-09-07,1993,0.69,88,3.24,4.44,NA
"1383","Q3",12385,1993-09-14,1993,1.08,NA,4.08,5.45,NA
"1384","Q3",12398,1993-09-21,1993,0.68,124,3.08,4.69,NA
"1385","Q3",12411,1993-09-28,1993,1,51,NA,3.99,NA
"1386","Q3",12424,1993-10-05,1993,0.62,57,3.13,4.3,NA
"1387","Q3",12437,1993-10-13,1993,0.96,16,3.05,4.53,NA
"1388","Q3",12450,1993-10-19,1993,0.69,8,1.71,3.69,NA
"1389","Q3",12463,1993-10-26,1993,0.74,6,2.95,4.3,NA
"1390","Q3",12476,1993-11-02,1993,0.69,NA,3.56,5.11,NA
"1391","Q3",12623,1993-11-09,1993,0.78,NA,3.06,4.68,NA
"1392","Q3",13064,1993-11-16,1993,0.77,NA,2.39,3.73,NA
"1393","Q3",13291,1993-11-23,1993,1.15,54,3.77,5.16,NA
"1394","Q3",13347,1993-11-30,1993,0.77,NA,2.33,3.48,NA
"1395","Q3",13485,1993-12-07,1993,0.97,NA,3.27,4.82,NA
"1396","Q3",13648,1993-12-14,1993,0.97,21,4.08,5.84,NA
"1397","Q3",13661,1993-12-21,1993,1.15,22,3.34,3.83,NA
"1398","Q3",13706,1993-12-28,1993,0.78,NA,2.62,3.39,NA
"1399","Q3",13732,1994-01-04,1994,0.72,NA,1.58,4.12,NA
"1400","Q3",13719,1994-01-11,1994,0.67,NA,1.44,3.66,NA
"1401","Q3",13745,1994-01-18,1994,0.97,NA,1.62,4.29,NA
"1402","Q3",13758,1994-01-25,1994,0.68,10,3.4,4.78,NA
"1403","Q3",13771,1994-02-01,1994,0.73,16,3.11,4.12,NA
"1404","Q3",13784,1994-02-08,1994,0.83,NA,3.11,4.22,NA
"1405","Q3",13903,1994-02-15,1994,0.74,NA,3.32,4.08,NA
"1406","Q3",13916,1994-02-22,1994,0.96,NA,2.12,3.09,NA
"1407","Q3",13929,1994-03-01,1994,0.9,NA,3.3,4.78,NA
"1408","Q3",13942,1994-03-08,1994,0.89,12,3.37,4.89,NA
"1409","Q3",13955,1994-03-15,1994,0.84,6,3.41,5.05,NA
"1410","Q3",13968,1994-03-22,1994,0.8,NA,3.67,5.62,NA
"1411","Q3",13981,1994-03-29,1994,0.96,16,3.73,5.74,NA
"1412","Q3",13994,1994-04-05,1994,0.94,13,3.61,5.68,NA
"1413","Q3",14007,1994-04-12,1994,0.74,146,3.13,4.68,NA
"1414","Q3",14020,1994-04-19,1994,1.08,141,3.47,4.68,NA
"1415","Q3",14033,1994-04-26,1994,0.88,22,3.62,5.51,NA
"1416","Q3",14046,1994-05-03,1994,0.74,9,3.77,5.87,NA
"1417","Q3",14059,1994-05-10,1994,0.82,23,2.62,3.95,NA
"1418","Q3",14104,1994-05-17,1994,0.8,22,2.68,3.87,NA
"1419","Q3",14117,1994-05-24,1994,0.81,24,3.55,5.18,NA
"1420","Q3",14274,1994-05-31,1994,1.03,25,4.68,6.76,NA
"1421","Q3",14684,1994-06-07,1994,0.92,8,3.75,5.45,NA
"1422","Q3",14872,1994-06-14,1994,0.72,11,3.76,5.54,NA
"1423","Q3",15036,1994-06-21,1994,0.98,10,3.82,5.49,NA
"1424","Q3",15049,1994-06-28,1994,0.9,NA,3.51,5.08,NA
"1425","Q3",15107,1994-06-30,1994,1.09,129,2.26,3.01,NA
"1426","Q3",15092,1994-07-05,1994,0.86,7,3.94,5.7,NA
"1427","Q3",15193,1994-07-12,1994,0.71,145,3.7,5.47,NA
"1428","Q3",15206,1994-07-19,1994,1.05,110,3.6,5.26,NA
"1429","Q3",15219,1994-07-26,1994,0.76,NA,3.54,4.95,NA
"1430","Q3",15232,1994-08-02,1994,0.83,NA,3.4,4.74,NA
"1431","Q3",15245,1994-08-09,1994,0.77,NA,3.38,4.85,NA
"1432","Q3",15283,1994-08-16,1994,0.92,NA,3.6,5.04,NA
"1433","Q3",15296,1994-08-23,1994,0.99,NA,4.47,5.9,NA
"1434","Q3",15309,1994-08-30,1994,0.69,NA,3.52,5.08,NA
"1435","Q3",15322,1994-09-06,1994,1.01,NA,4.64,6.98,NA
"1436","Q3",15335,1994-09-13,1994,0.72,NA,3.67,5.25,NA
"1437","Q3",15348,1994-09-20,1994,0.9,NA,1.48,2.03,NA
"1438","Q3",15361,1994-09-27,1994,0.83,NA,3.53,5.34,NA
"1439","Q3",15374,1994-10-04,1994,0.86,NA,3.73,5.7,NA
"1440","Q3",15387,1994-10-11,1994,0.77,NA,3.09,4.13,NA
"1441","Q3",15400,1994-10-18,1994,0.91,NA,3.4,5.18,NA
"1442","Q3",15413,1994-10-25,1994,1.03,NA,2.89,3.92,NA
"1443","Q3",15426,1994-11-01,1994,0.94,NA,3.51,5.21,NA
"1444","Q3",15439,1994-11-08,1994,0.78,NA,2.2,3.18,NA
"1445","Q3",15452,1994-11-15,1994,0.8,NA,3.05,4.35,NA
"1446","Q3",15465,1994-11-22,1994,0.86,NA,2.99,4.04,NA
"1447","Q3",15478,1994-11-29,1994,0.67,NA,2.87,3.98,NA
"1448","Q3",15491,1994-12-06,1994,0.73,NA,2.97,4.16,NA
"1449","Q3",15709,1994-12-13,1994,0.78,NA,3.11,4.57,NA
"1450","Q3",15722,1994-12-20,1994,1.27,NA,3.78,5.37,NA
"1451","Q3",15735,1994-12-27,1994,0.8,NA,3.26,4.85,NA
"1452","Q3",15748,1995-01-03,1995,1.02,NA,3.94,3.12,NA
"1453","Q3",15761,1995-01-10,1995,0.9,NA,3.53,4.92,NA
"1454","Q3",15774,1995-01-17,1995,0.81,NA,3.4,5.18,NA
"1455","Q3",15787,1995-01-24,1995,0.88,NA,3.59,5.49,NA
"1456","Q3",15800,1995-01-31,1995,1.03,NA,3.9,5.61,NA
"1457","Q3",15813,1995-02-07,1995,1.12,NA,4.65,6.77,NA
"1458","Q3",15826,1995-02-14,1995,0.81,NA,3.61,5.44,NA
"1459","Q3",15839,1995-02-21,1995,0.9,NA,3.57,5.37,NA
"1460","Q3",15852,1995-02-28,1995,0.66,NA,1.92,2.85,NA
"1461","Q3",15865,1995-03-07,1995,0.91,NA,3.15,4.46,NA
"1462","Q3",15878,1995-03-14,1995,0.77,NA,2.3,3.07,NA
"1463","Q3",15891,1995-03-21,1995,0.59,NA,3.34,4.67,NA
"1464","Q3",15904,1995-03-28,1995,0.79,NA,3.48,5.11,NA
"1465","Q3",15917,1995-04-04,1995,0.71,NA,3.68,5.33,NA
"1466","Q3",15930,1995-04-11,1995,0.72,NA,3.6,5.52,NA
"1467","Q3",15943,1995-04-18,1995,0.79,NA,3.73,5.47,NA
"1468","Q3",15970,1995-04-25,1995,NA,NA,NA,NA,NA
"1469","Q3",15983,1995-05-02,1995,NA,NA,NA,NA,NA
"1470","Q3",15996,1995-05-09,1995,NA,NA,NA,NA,NA
"1471","Q3",16009,1995-05-16,1995,0.67,NA,1.98,2.91,NA
"1472","Q3",16022,1995-05-23,1995,0.94,NA,3.62,5.15,NA
"1473","Q3",16035,1995-05-30,1995,NA,NA,NA,NA,NA
"1474","Q3",16247,1995-06-06,1995,NA,NA,NA,NA,NA
"1475","Q3",16260,1995-06-13,1995,NA,NA,NA,NA,NA
"1476","Q3",16273,1995-06-20,1995,0.73,NA,3.22,4.65,NA
"1477","Q3",16286,1995-06-27,1995,0.66,NA,3.4,4.83,NA
"1478","Q3",16342,1995-07-05,1995,0.58,NA,3.3,4.76,NA
"1479","Q3",16355,1995-07-11,1995,0.76,NA,3.27,5.01,NA
"1480","Q3",16368,1995-07-18,1995,0.76,NA,3.13,4.62,NA
"1481","Q3",16381,1995-07-26,1995,NA,NA,NA,NA,NA
"1482","Q3",16394,1995-08-01,1995,NA,NA,NA,NA,NA
"1483","Q3",16407,1995-08-08,1995,NA,NA,NA,NA,NA
"1484","Q3",16420,1995-08-15,1995,NA,NA,NA,NA,NA
"1485","Q3",16433,1995-08-22,1995,NA,NA,NA,NA,NA
"1486","Q3",16446,1995-08-29,1995,NA,NA,NA,NA,NA
"1487","Q3",16459,1995-09-12,1995,NA,NA,NA,NA,NA
"1488","Q3",16472,1995-09-19,1995,NA,NA,NA,NA,NA
"1489","Q3",16485,1995-09-26,1995,NA,NA,NA,NA,NA
"1490","Q3",16498,1995-10-03,1995,NA,NA,NA,NA,NA
"1491","Q3",16511,1995-10-10,1995,NA,NA,NA,NA,NA
"1492","Q3",16524,1995-10-17,1995,NA,NA,NA,NA,NA
"1493","Q3",16537,1995-10-24,1995,NA,NA,NA,NA,NA
"1494","Q3",16550,1995-10-31,1995,NA,NA,NA,NA,NA
"1495","Q3",16563,1995-11-07,1995,NA,NA,NA,NA,NA
"1496","Q3",16576,1995-11-14,1995,NA,NA,NA,NA,NA
"1497","Q3",16589,1995-11-21,1995,NA,NA,NA,NA,NA
"1498","Q3",16602,1995-11-28,1995,NA,NA,NA,NA,NA
"1499","Q3",16615,1995-12-05,1995,NA,NA,NA,NA,NA
"1500","Q3",16628,1995-12-12,1995,0.8,NA,3.48,5.18,NA
"1501","Q3",16641,1995-12-19,1995,0.79,NA,2.37,3.48,NA
"1502","Q3",16654,1995-12-26,1995,0.85,NA,3.43,5.34,NA
